run,step,epoch,lr,loss,text_loss,mel_loss,mel_acc,grad_norm,elapsed_s,max_vram_gb
overfit,1,0,1.0000000000000002e-06,9.2862,10.2436,7.2375,0.0201,5.027510166168213,2.6,5.79
overfit,50,2,2.5500000000000003e-05,7.9961,7.53,6.4901,0.0317,1.1682977676391602,127.5,7.51
overfit,100,5,5e-05,6.9113,5.2574,5.8598,0.0481,0.6971290707588196,253.9,7.51
overfit,150,7,4.9855380827544585e-05,6.7431,4.8496,5.7732,0.0556,0.7687523365020752,380.3,7.52
overfit,200,10,4.942334198018194e-05,6.2517,4.3881,5.3741,0.0763,0.8157142996788025,505.8,7.52
overfit,250,13,4.870931659709246e-05,6.034,4.1373,5.2065,0.0878,0.8523457050323486,633.1,7.5
overfit,300,15,4.772228396175564e-05,5.773,3.9597,4.981,0.1126,1.0288599729537964,760.0,7.52
overfit,350,18,4.647465658225053e-05,5.8664,3.9147,5.0834,0.0941,0.9709466695785522,887.2,7.51
overfit,400,21,4.498212409676469e-05,5.6339,3.6452,4.9049,0.1117,0.9538449048995972,1013.2,7.52
overfit,450,23,4.326345596729059e-05,5.4232,3.5326,4.7167,0.1527,1.1296024322509766,1139.8,7.52
overfit,500,26,4.1340265442750876e-05,4.8866,3.3022,4.2262,0.2133,1.3046196699142456,1265.7,7.51
overfit,550,29,3.923673775985274e-05,5.0867,3.4465,4.3974,0.1929,1.219536542892456,1397.9,7.52
overfit,600,31,3.6979325999703835e-05,5.6475,3.5348,4.9405,0.1084,1.0342618227005005,1523.3,7.53
overfit,650,34,3.4596418424968846e-05,5.2337,3.4009,4.5535,0.1476,1.1123898029327393,1650.0,7.52
overfit,700,37,3.211798148099523e-05,5.0103,3.3298,4.3443,0.1956,1.1304352283477783,1776.0,7.53
overfit,750,39,2.9575182950376078e-05,5.3139,3.2649,4.6609,0.1364,1.1104284524917603,1903.0,7.51
overfit,800,42,2.7000000000000002e-05,4.4124,3.161,3.7802,0.2988,1.305564045906067,2028.7,7.46
overfit,850,45,2.442481704962392e-05,5.2462,3.2766,4.5909,0.1503,1.1610524654388428,2155.6,7.52
overfit,900,47,2.1882018519004775e-05,3.6397,2.9157,3.0566,0.4179,1.5062203407287598,2282.5,7.51
overfit,950,50,1.9403581575031166e-05,4.9589,3.2332,4.3122,0.1812,1.281671166419983,2409.2,7.51
overfit,1000,53,1.7020674000296167e-05,4.2785,3.0819,3.6621,0.3118,1.2809486389160156,2535.3,7.52
overfit,1050,55,1.4763262240147263e-05,3.6207,2.9086,3.039,0.4421,1.5752376317977905,2665.2,7.52
overfit,1100,58,1.2659734557249132e-05,5.0519,3.2748,4.397,0.1754,1.1471456289291382,2791.5,7.52
overfit,1150,61,1.0736544032709409e-05,4.3713,3.0923,3.7528,0.2756,1.2398535013198853,2918.0,7.49
overfit,1200,63,9.017875903235315e-06,5.0307,3.1079,4.4092,0.1629,1.0590786933898926,3044.6,7.51
overfit,1250,66,7.525343417749466e-06,4.2095,3.0483,3.5998,0.3131,1.2096720933914185,3171.4,7.52
overfit,1300,69,6.277716038244363e-06,4.9251,3.1884,4.2874,0.1858,1.1675211191177368,3298.0,7.52
overfit,1350,71,5.2906834029075456e-06,4.5508,3.1444,3.9219,0.2398,1.191410779953003,3424.2,7.52
overfit,1400,74,4.576658019818058e-06,4.8259,3.1619,4.1935,0.2002,1.1428828239440918,3550.1,7.51
overfit,1450,77,4.144619172455421e-06,4.9802,3.0585,4.3685,0.1755,1.0817116498947144,3677.4,7.51
overfit,1500,79,4.000000000000001e-06,4.0051,2.9475,3.4156,0.3523,1.2548290491104126,3803.2,7.51
run1_lr5e-5,1,0,1.0000000000000001e-07,10.2347,11.2065,7.9934,0.0179,3.8714661598205566,2.3,5.79
run1_lr5e-5,50,0,2.55e-06,9.3957,10.4135,7.313,0.0241,4.272286891937256,37.7,7.22
run1_lr5e-5,100,0,5.050000000000001e-06,9.1586,9.5286,7.2529,0.0253,3.0777153968811035,74.4,7.22
run1_lr5e-5,150,0,7.55e-06,8.6493,8.6158,6.9261,0.0323,2.4821317195892334,110.3,6.9
run1_lr5e-5,200,0,1.005e-05,7.7989,7.0006,6.3988,0.0408,1.604812502861023,151.6,7.23
run1_lr5e-5,250,0,1.255e-05,7.3127,5.9346,6.1258,0.0511,1.5098057985305786,188.6,7.21
run1_lr5e-5,300,0,1.505e-05,7.1327,5.6058,6.0116,0.0572,1.4685008525848389,227.8,7.17
run1_lr5e-5,350,0,1.755e-05,7.0446,5.4796,5.9487,0.0514,1.3244991302490234,266.2,7.24
run1_lr5e-5,400,0,2.0050000000000003e-05,6.9535,5.1988,5.9137,0.0496,1.5338053703308105,300.8,6.68
run1_lr5e-5,450,0,2.2550000000000003e-05,6.8238,4.8883,5.8461,0.0691,2.103855848312378,342.7,7.41
run1_lr5e-5,500,0,2.5050000000000002e-05,6.8927,4.7745,5.9378,0.0527,1.512528896331787,377.5,7.08
run1_lr5e-5,550,0,2.7550000000000002e-05,6.7462,4.737,5.7988,0.0573,1.4058865308761597,418.7,7.18
run1_lr5e-5,600,0,3.0050000000000002e-05,6.6862,4.6129,5.7636,0.052,1.3599052429199219,455.4,7.09
run1_lr5e-5,650,0,3.2550000000000005e-05,6.5431,4.4738,5.6483,0.0649,1.4001861810684204,492.3,6.85
run1_lr5e-5,700,0,3.505e-05,6.3941,4.2671,5.5407,0.0775,2.4680075645446777,527.9,7.04
run1_lr5e-5,750,0,3.7550000000000005e-05,6.3327,4.1812,5.4965,0.0624,1.5890783071517944,565.0,7.19
run1_lr5e-5,800,0,4.0050000000000004e-05,6.4561,4.4382,5.5684,0.057,1.4872477054595947,607.0,7.21
run1_lr5e-5,850,0,4.2550000000000004e-05,6.3707,4.4552,5.4797,0.0617,1.1449000835418701,646.5,7.29
run1_lr5e-5,900,0,4.5050000000000004e-05,6.2704,4.1741,5.4356,0.0736,1.6270273923873901,686.8,7.13
run1_lr5e-5,950,0,4.755e-05,6.2901,4.1563,5.4588,0.0651,1.360148310661316,727.2,7.19
run1_lr5e-5,1000,0,5e-05,6.2671,3.7382,5.5195,0.0771,2.0780692100524902,764.3,7.1
run1_lr5e-5,1050,0,4.99957376381722e-05,6.3505,4.0651,5.5375,0.0674,1.7433687448501587,827.5,7.2
run1_lr5e-5,1100,0,4.9982952132491255e-05,6.0822,4.0631,5.2695,0.0766,1.6295719146728516,864.0,6.93
run1_lr5e-5,1150,0,4.996164822177903e-05,6.2909,4.231,5.4447,0.0693,1.3713105916976929,900.3,6.74
run1_lr5e-5,1200,0,4.993183380212037e-05,6.0628,3.9619,5.2704,0.0813,1.7999718189239502,936.3,7.22
run1_lr5e-5,1250,0,4.989351992393653e-05,6.2808,4.0787,5.4651,0.0708,1.4303640127182007,975.6,7.07
run1_lr5e-5,1300,0,4.98467207878894e-05,6.2219,4.1616,5.3896,0.0704,1.3555662631988525,1012.8,6.81
run1_lr5e-5,1350,0,4.9791453739618196e-05,6.2263,3.9227,5.4418,0.0742,1.576375961303711,1049.2,7.12
run1_lr5e-5,1400,0,4.972773926331048e-05,6.3171,3.9974,5.5177,0.0744,1.4523237943649292,1087.2,7.24
run1_lr5e-5,1450,0,4.9655600974109884e-05,6.2222,4.0018,5.4218,0.0751,1.418721318244934,1124.1,6.85
run1_lr5e-5,1500,0,4.957506560936337e-05,6.1161,3.8653,5.3431,0.0751,1.4946138858795166,1158.6,6.66
run1_lr5e-5,1550,0,4.9486163018711343e-05,6.0944,4.0348,5.2874,0.0734,1.3887302875518799,1192.5,6.66
run1_lr5e-5,1600,0,4.938892615302413e-05,6.1694,3.9086,5.3876,0.0729,1.5985054969787598,1234.3,7.16
run1_lr5e-5,1650,0,4.9283391052189066e-05,6.1779,3.8823,5.4015,0.0737,1.4719845056533813,1271.3,7.13
run1_lr5e-5,1700,0,4.916959683175271e-05,6.188,3.9811,5.3918,0.0745,2.072251081466675,1309.5,7.15
run1_lr5e-5,1750,0,4.904758566842302e-05,6.2202,3.6613,5.488,0.077,1.760931372642517,1344.9,7.34
run1_lr5e-5,1800,0,4.891740278443695e-05,6.1244,3.7777,5.3688,0.0746,1.6560856103897095,1380.9,7.16
run1_lr5e-5,1850,0,4.8779096430799315e-05,6.1123,3.8397,5.3444,0.0698,1.4587830305099487,1422.6,7.13
run1_lr5e-5,1900,0,4.863271786939902e-05,5.9927,3.6696,5.2587,0.0868,1.599705457687378,1461.9,7.13
run1_lr5e-5,1950,0,4.847832135400931e-05,6.0167,3.6741,5.2818,0.0791,1.577993392944336,1496.1,6.54
run1_lr5e-5,2000,0,4.831596411017922e-05,6.1078,3.7644,5.3549,0.0726,1.3474127054214478,1533.7,7.27
run1_lr5e-5,2050,0,4.814570631402337e-05,5.982,3.8768,5.2066,0.0817,1.3788986206054688,1599.6,7.31
run1_lr5e-5,2100,0,4.796761106991841e-05,6.0557,3.7549,5.3047,0.0761,1.5075358152389526,1637.1,7.19
run1_lr5e-5,2150,0,4.7781744387113915e-05,6.1082,3.8817,5.3319,0.0765,1.511828064918518,1674.4,7.12
run1_lr5e-5,2200,0,4.758817515526675e-05,6.0378,3.6154,5.3147,0.0747,1.6851634979248047,1711.3,7.09
run1_lr5e-5,2250,0,4.738697511890775e-05,5.9749,3.6859,5.2378,0.0799,1.46107017993927,1749.9,7.18
run1_lr5e-5,2300,0,4.71782188508504e-05,6.0828,3.6562,5.3515,0.076,1.7176055908203125,1789.4,7.24
run1_lr5e-5,2350,0,4.696198372455105e-05,6.0009,3.5991,5.2811,0.0854,1.8809067010879517,1824.7,7.29
run1_lr5e-5,2400,0,4.673834988543129e-05,6.0236,3.711,5.2814,0.072,1.333999514579773,1860.0,7.13
run1_lr5e-5,2450,0,4.6507400221172786e-05,6.0338,3.6391,5.306,0.083,1.7764711380004883,1897.9,7.13
run1_lr5e-5,2500,0,4.626922033099582e-05,6.036,3.5356,5.3289,0.0906,1.8529791831970215,1935.0,7.4
run1_lr5e-5,2550,0,4.6023898493932734e-05,5.8581,3.5947,5.1391,0.0852,1.4803135395050049,1976.8,7.22
run1_lr5e-5,2600,0,4.577152563610821e-05,6.0195,3.7238,5.2747,0.0777,1.4941991567611694,2014.4,7.28
run1_lr5e-5,2650,0,4.551219529703838e-05,5.9791,3.6142,5.2563,0.0785,1.6891541481018066,2054.2,7.22
run1_lr5e-5,2700,0,4.524600359496135e-05,5.9738,4.0017,5.1734,0.0816,1.2540113925933838,2090.7,7.15
run1_lr5e-5,2750,0,4.4973049191211866e-05,6.0886,3.7832,5.332,0.0662,1.321351170539856,2128.5,7.27
run1_lr5e-5,2800,0,4.4693433253653535e-05,5.9319,3.7065,5.1907,0.0785,1.6683330535888672,2166.1,7.07
run1_lr5e-5,2850,0,4.440725941918188e-05,5.8922,3.8009,5.1321,0.0804,1.0847831964492798,2208.3,7.2
run1_lr5e-5,2900,0,4.4114633755312394e-05,6.082,3.8377,5.3145,0.0747,1.4623439311981201,2248.3,6.99
run1_lr5e-5,2950,0,4.3815664720867664e-05,5.9581,3.3964,5.2788,0.091,2.0917789936065674,2287.1,7.22
run1_lr5e-5,3000,0,4.351046312577811e-05,5.8663,3.81,5.1043,0.0762,1.1599838733673096,2324.6,7.17
run1_lr5e-5,3050,0,4.319914209001146e-05,5.9796,3.5426,5.2711,0.0851,1.698179841041565,2394.8,7.3
run1_lr5e-5,3100,0,4.2881817001645886e-05,6.1213,3.546,5.4121,0.075,1.6426582336425781,2434.8,7.26
run1_lr5e-5,3150,0,4.255860547410257e-05,5.9168,3.6488,5.187,0.0814,1.4066355228424072,2473.7,7.19
run1_lr5e-5,3200,0,4.222962730255347e-05,5.9385,3.8429,5.1699,0.0759,1.2231333255767822,2511.1,7.2
run1_lr5e-5,3250,0,4.189500441952036e-05,5.9595,3.7271,5.2141,0.0809,1.3355207443237305,2548.0,6.97
run1_lr5e-5,3300,0,4.155486084968179e-05,5.9067,3.5784,5.191,0.0794,1.4664417505264282,2582.5,6.52
run1_lr5e-5,3350,0,4.120932266390456e-05,6.0606,3.7557,5.3095,0.0832,1.344590663909912,2617.9,7.1
run1_lr5e-5,3400,0,4.085851793251676e-05,5.9649,3.8377,5.1974,0.0791,1.1171040534973145,2654.9,7.21
run1_lr5e-5,3450,0,4.0502576677839785e-05,5.9423,3.5811,5.2261,0.0881,1.528376579284668,2692.8,7.21
run1_lr5e-5,3500,0,4.0141630825996834e-05,5.9145,3.7282,5.1689,0.0823,1.2987980842590332,2731.6,7.01
run1_lr5e-5,3550,0,3.977581415801583e-05,5.9817,3.5634,5.269,0.0757,1.3927189111709595,2769.0,6.99
run1_lr5e-5,3600,0,3.940526226024471e-05,5.902,3.629,5.1762,0.0897,1.4763269424438477,2806.3,6.84
run1_lr5e-5,3650,0,3.9030112474097775e-05,5.9333,3.6241,5.2085,0.0741,1.3947933912277222,2844.3,7.26
run1_lr5e-5,3700,0,3.8650503845151376e-05,5.9272,3.6054,5.2061,0.0841,1.4811639785766602,2879.4,6.79
run1_lr5e-5,3750,0,3.826657707160809e-05,5.8361,3.4594,5.1442,0.0875,1.514805555343628,2917.8,7.24
run1_lr5e-5,3800,0,3.7878474452148277e-05,5.8319,3.6505,5.1018,0.0831,1.1083784103393555,2956.1,7.25
run1_lr5e-5,3850,0,3.7486339833188506e-05,5.781,3.6813,5.0448,0.0977,1.159993290901184,2992.4,7.22
run1_lr5e-5,3900,0,3.709031855556626e-05,5.9977,3.5767,5.2824,0.0812,1.478445291519165,3028.8,7.19
run1_lr5e-5,3950,0,3.669055740067084e-05,5.7803,3.5014,5.08,0.0836,1.4695268869400024,3065.1,7.17
run1_lr5e-5,4000,0,3.6287204536040225e-05,5.824,3.6352,5.097,0.0818,1.1364425420761108,3102.2,7.31
run1_lr5e-5,4050,0,3.5880409460444265e-05,5.8481,3.6104,5.126,0.0803,1.6557263135910034,3168.5,7.07
run1_lr5e-5,4100,0,3.547032294847444e-05,5.9099,3.5044,5.209,0.075,1.5468602180480957,3206.8,7.17
run1_lr5e-5,4150,0,3.505709699466072e-05,5.8847,3.5261,5.1795,0.0762,1.2428292036056519,3241.6,7.24
run1_lr5e-5,4200,0,3.464088475713632e-05,5.8945,3.7153,5.1515,0.0918,1.4673200845718384,3277.7,7.26
run1_lr5e-5,4250,0,3.4221840500871094e-05,5.9153,3.6624,5.1828,0.0831,1.2785178422927856,3315.8,7.31
run1_lr5e-5,4300,0,3.380011954049479e-05,5.7971,3.3832,5.1205,0.0847,1.655653953552246,3352.4,7.2
run1_lr5e-5,4350,0,3.3375878182731177e-05,5.8482,3.5101,5.1462,0.081,1.2895870208740234,3390.2,7.25
run1_lr5e-5,4400,0,3.294927366846456e-05,5.9179,3.5449,5.209,0.0818,1.2287348508834839,3428.7,7.29
run1_lr5e-5,4450,0,3.252046411445988e-05,5.8507,3.4448,5.1617,0.0865,1.4980175495147705,3466.5,7.02
run1_lr5e-5,4500,0,3.208960845475839e-05,5.7688,3.6715,5.0345,0.0877,1.2322391271591187,3505.3,7.17
run1_lr5e-5,4550,0,3.16568663817703e-05,5.8389,3.5924,5.1205,0.08,1.11784029006958,3544.7,7.32
run1_lr5e-5,4600,0,3.1222398287086316e-05,5.81,3.8072,5.0486,0.0873,1.1393694877624512,3583.1,7.12
run1_lr5e-5,4650,0,3.078636520203008e-05,5.9153,3.3438,5.2465,0.0789,1.5316789150238037,3622.0,7.08
run1_lr5e-5,4700,0,3.0348928737973576e-05,5.8474,3.6999,5.1075,0.0759,1.0677928924560547,3660.6,6.69
run1_lr5e-5,4750,0,2.991025102643735e-05,5.9085,3.428,5.2229,0.0854,1.7185578346252441,3698.4,7.03
run1_lr5e-5,4800,0,2.9470494658998134e-05,6.0037,3.4494,5.3138,0.0742,1.419989824295044,3736.8,7.22
run1_lr5e-5,4850,0,2.9029822627025844e-05,5.7383,3.5988,5.0185,0.0922,1.3079932928085327,3773.8,7.17
run1_lr5e-5,4900,0,2.858839826127246e-05,5.9256,3.4553,5.2345,0.0752,1.4146901369094849,3809.8,6.92
run1_lr5e-5,4950,0,2.8146385171335054e-05,5.8205,3.2925,5.162,0.0885,1.729904055595398,3851.3,7.23
run1_lr5e-5,5000,0,2.7703947185015543e-05,5.6997,3.3835,5.023,0.0907,1.26702082157135,3891.7,7.28
run1_lr5e-5,5050,0,2.726124828759949e-05,5.8534,3.5619,5.1411,0.0844,1.2033838033676147,70.3,7.03
run1_lr5e-5,5100,0,2.6818452561076602e-05,5.88,3.6109,5.1578,0.0817,1.2501022815704346,108.1,7.17
run1_lr5e-5,5150,0,2.637572412332532e-05,5.9092,3.477,5.2138,0.0796,1.2627166509628296,144.5,7.14
run1_lr5e-5,5200,0,2.59332270672842e-05,5.737,3.5375,5.0295,0.0824,1.1372393369674683,180.9,7.19
run1_lr5e-5,5250,0,2.549112540013241e-05,5.7298,3.5984,5.0101,0.0868,1.2136424779891968,216.0,7.16
run1_lr5e-5,5300,0,2.504958298250214e-05,5.7948,3.5382,5.0872,0.0902,1.4409875869750977,256.1,7.26
run1_lr5e-5,5350,0,2.4608763467745233e-05,5.9195,3.415,5.2365,0.0969,2.0204219818115234,291.0,7.21
run1_lr5e-5,5400,0,2.41688302412767e-05,5.8256,3.4441,5.1368,0.0918,1.5889774560928345,327.4,7.2
run1_lr5e-5,5450,0,2.372994636001753e-05,5.6852,3.2874,5.0277,0.0966,1.536933422088623,367.7,7.21
run1_lr5e-5,5500,0,2.329227449195922e-05,5.9071,3.5526,5.1966,0.0866,1.485081672668457,403.9,6.89
run1_lr5e-5,5550,0,2.2855976855872502e-05,5.7874,3.5979,5.0678,0.0903,1.182030439376831,445.6,6.95
run1_lr5e-5,5600,0,2.2421215161182586e-05,5.7411,3.5038,5.0403,0.0814,1.2951785326004028,485.0,7.04
run1_lr5e-5,5650,0,2.1988150548033072e-05,5.7712,3.5581,5.0596,0.0811,1.282332181930542,524.3,7.22
run1_lr5e-5,5700,0,2.1556943527561018e-05,5.852,3.3857,5.1748,0.096,1.5078542232513428,562.4,7.2
run1_lr5e-5,5750,0,2.1127753922405028e-05,5.8739,3.509,5.1721,0.0809,1.381483793258667,598.2,6.9
run1_lr5e-5,5800,0,2.070074080746857e-05,5.8391,3.4043,5.1582,0.0843,1.5572055578231812,634.7,7.21
run1_lr5e-5,5850,0,2.0276062450960426e-05,5.8019,3.4625,5.1094,0.0888,1.2856382131576538,670.8,7.11
run1_lr5e-5,5900,0,1.9853876255734155e-05,5.8503,3.3748,5.1753,0.0932,1.5153650045394897,707.9,7.17
run1_lr5e-5,5950,0,1.9434338700948257e-05,5.7991,3.4553,5.108,0.0964,1.3844431638717651,747.9,7.09
run1_lr5e-5,6000,0,1.9017605284068727e-05,5.8743,3.5288,5.1685,0.0929,1.5227066278457642,787.1,7.09
run1_lr5e-5,6050,0,1.8603830463235426e-05,5.8266,3.3966,5.1472,0.0853,1.3925715684890747,860.9,6.89
run1_lr5e-5,6100,0,1.8193167600013715e-05,5.86,3.6422,5.1316,0.0819,1.2674616575241089,900.9,7.19
run1_lr5e-5,6150,0,1.778576890255248e-05,5.9094,3.3638,5.2367,0.0846,1.542509913444519,936.0,7.05
run1_lr5e-5,6200,0,1.738178536916972e-05,5.7559,3.5794,5.04,0.0963,1.1623857021331787,973.9,7.27
run1_lr5e-5,6250,0,1.6981366732386438e-05,5.7098,3.5128,5.0073,0.0861,1.1922107934951782,1013.1,7.25
run1_lr5e-5,6300,0,1.6584661403429816e-05,5.8471,3.673,5.1125,0.0813,0.9555205702781677,1053.6,7.33
run1_lr5e-5,6350,0,1.6191816417226034e-05,5.8676,3.3224,5.2031,0.0939,1.8938111066818237,1091.6,7.15
run1_lr5e-5,6400,0,1.5802977377903212e-05,5.8933,3.5955,5.1742,0.0794,1.2251874208450317,1128.5,7.12
run1_lr5e-5,6450,0,1.5418288404824704e-05,5.8028,3.544,5.094,0.0905,1.6138339042663574,1166.0,7.19
run1_lr5e-5,6500,0,1.5037892079172614e-05,5.7523,3.3738,5.0776,0.1008,1.5512486696243286,1205.3,7.28
run1_lr5e-5,6550,0,1.4661929391101558e-05,5.7472,3.4989,5.0475,0.0817,1.1548835039138794,1243.0,7.17
run1_lr5e-5,6600,0,1.4290539687481979e-05,5.6584,3.4568,4.9671,0.0914,1.1001218557357788,1281.5,7.32
run1_lr5e-5,6650,0,1.3923860620252677e-05,5.7998,3.2679,5.1462,0.0874,1.5332860946655273,1323.5,7.25
run1_lr5e-5,6700,0,1.3562028095401385e-05,5.8519,3.445,5.1629,0.0897,1.6746889352798462,1360.9,7.29
run1_lr5e-5,6750,0,1.3205176222592638e-05,5.6648,3.5256,4.9597,0.096,1.5428928136825562,1399.4,7.26
run1_lr5e-5,6800,0,1.285343726546129e-05,5.78,3.5774,5.0645,0.0839,1.2463034391403198,1438.7,7.23
run1_lr5e-5,6850,0,1.2506941592590324e-05,5.8356,3.4428,5.147,0.0831,1.3593146800994873,1475.7,7.11
run1_lr5e-5,6900,0,1.2165817629190992e-05,5.7979,3.412,5.1155,0.1023,1.6223348379135132,1513.2,7.15
run1_lr5e-5,6950,0,1.1830191809503319e-05,5.6919,3.551,4.9817,0.0986,1.335091233253479,1553.9,7.22
run1_lr5e-5,7000,0,1.1500188529934445e-05,5.7362,3.1444,5.1073,0.1035,1.7419097423553467,1593.3,6.72
run1_lr5e-5,7050,0,1.1175930102952374e-05,5.9363,3.2648,5.2833,0.0923,1.7731269598007202,1665.8,7.11
run1_lr5e-5,7100,0,1.0857536711752003e-05,5.9119,3.4857,5.2147,0.0829,1.3129910230636597,1703.8,7.12
run1_lr5e-5,7150,0,1.0545126365710464e-05,5.7863,3.424,5.1015,0.0994,1.5713870525360107,1743.3,7.13
run1_lr5e-5,7200,0,1.0238814856648063e-05,5.7507,3.4954,5.0517,0.0889,1.4732584953308105,1780.5,6.81
run1_lr5e-5,7250,0,9.938715715911212e-06,5.8106,3.521,5.1064,0.0864,1.2753732204437256,1816.3,7.3
run1_lr5e-5,7300,0,9.64494017229312e-06,5.7471,3.5954,5.028,0.0903,1.2293907403945923,1852.7,6.97
run1_lr5e-5,7350,0,9.357597110807981e-06,5.8038,3.7502,5.0537,0.089,1.025174617767334,1888.5,6.78
run1_lr5e-5,7400,0,9.076793032333755e-06,5.8131,3.5233,5.1085,0.0834,1.046440601348877,1923.5,7.05
run1_lr5e-5,7450,0,8.802632014138734e-06,5.6597,3.3782,4.9841,0.0958,1.4207839965820312,1958.3,6.71
run1_lr5e-5,7500,0,8.535215671306266e-06,5.7174,3.296,5.0582,0.1037,1.8935585021972656,1994.9,6.97
run1_lr5e-5,7550,0,8.274643119072166e-06,5.7829,3.2884,5.1252,0.0994,1.8008095026016235,2031.1,6.56
run1_lr5e-5,7600,0,8.02101093608861e-06,5.9124,3.4982,5.2128,0.0796,1.2403076887130737,2070.3,7.19
run1_lr5e-5,7650,0,7.774413128628213e-06,5.7323,3.2568,5.081,0.0982,1.519633173942566,2113.7,7.36
run1_lr5e-5,7700,0,7.5349410957415224e-06,5.8319,3.2438,5.1831,0.0761,1.357438564300537,2150.1,7.08
run1_lr5e-5,7750,0,7.302683595380875e-06,5.8074,3.2954,5.1483,0.0855,1.3394267559051514,2186.4,7.12
run1_lr5e-5,7800,0,7.077726711503109e-06,5.9141,3.5586,5.2024,0.1018,1.4460148811340332,2225.4,7.15
run1_lr5e-5,7850,0,6.86015382216343e-06,5.8964,3.2158,5.2532,0.0894,1.691562533378601,2261.1,7.31
run1_lr5e-5,7900,0,6.650045568612107e-06,5.7685,3.5078,5.067,0.0842,1.1778080463409424,2299.2,7.11
run1_lr5e-5,7950,0,6.447479825405656e-06,5.7553,3.4951,5.0562,0.0918,1.4225027561187744,2338.9,7.12
run1_lr5e-5,8000,0,6.252531671543313e-06,5.6787,3.5751,4.9637,0.101,1.1897423267364502,2376.7,7.03
run1_lr5e-5,8050,0,6.065273362639826e-06,5.8299,3.3941,5.1511,0.0897,1.452365517616272,2447.9,7.27
run1_lr5e-5,8100,0,5.885774304144556e-06,5.7877,3.2095,5.1458,0.0907,1.384634256362915,2485.2,7.29
run1_lr5e-5,8150,0,5.714101025617085e-06,5.7993,3.3282,5.1337,0.0874,1.2738810777664185,2524.8,6.92
run1_lr5e-5,8200,0,5.5503171560686436e-06,5.6036,3.4293,4.9178,0.1001,1.3642350435256958,2561.7,6.98
run1_lr5e-5,8250,0,5.394483400378678e-06,5.8304,3.2751,5.1754,0.081,1.6126970052719116,2599.2,7.22
run1_lr5e-5,8300,0,5.246657516795156e-06,5.7703,3.449,5.0805,0.0869,1.4240195751190186,2635.6,7.21
run1_lr5e-5,8350,0,5.1068942955270785e-06,5.6054,3.2517,4.955,0.1016,1.4606539011001587,2676.2,7.22
run1_lr5e-5,8400,0,4.975245538436981e-06,5.7691,3.4673,5.0756,0.0861,1.6740531921386719,2712.8,7.22
run1_lr5e-5,8450,0,4.851760039841119e-06,5.79,3.1514,5.1597,0.0825,1.7948017120361328,2753.9,7.19
run1_lr5e-5,8500,0,4.736483568424317e-06,5.7742,3.2594,5.1223,0.0982,1.7004735469818115,2791.1,7.2
run1_lr5e-5,8550,0,4.629458850276267e-06,5.8011,3.5376,5.0936,0.0927,1.2228705883026123,2829.6,7.11
run1_lr5e-5,8600,0,4.530725553055506e-06,5.7815,3.4032,5.1009,0.0901,1.4893310070037842,2868.6,7.15
run1_lr5e-5,8650,0,4.440320271287015e-06,5.8272,3.5636,5.1145,0.0768,1.2285977602005005,2908.1,7.31
run1_lr5e-5,8700,0,4.358276512798791e-06,5.649,3.3748,4.974,0.1149,1.4048703908920288,2946.6,6.63
run1_lr5e-5,8750,0,4.28462468630253e-06,5.7882,3.4774,5.0928,0.0882,1.483295202255249,2982.9,7.23
run1_lr5e-5,8800,0,4.219392090122901e-06,5.7077,3.5831,4.991,0.1021,1.630266785621643,3020.7,7.25
run1_lr5e-5,8850,0,4.162602902079728e-06,5.7854,3.3929,5.1068,0.0834,1.3738205432891846,3055.7,7.13
run1_lr5e-5,8900,0,4.114278170526688e-06,5.7358,3.656,5.0046,0.1,1.3758035898208618,3094.8,7.24
run1_lr5e-5,8950,0,4.0744358065499675e-06,5.7224,3.5654,5.0093,0.0953,1.1834814548492432,3134.1,7.08
run1_lr5e-5,9000,0,4.043090577329679e-06,5.8063,3.5698,5.0923,0.0803,1.4967361688613892,3173.9,7.16
run1_lr5e-5,9050,0,4.020254100666568e-06,5.7937,3.391,5.1155,0.0878,1.4494491815567017,3249.6,7.31
run1_lr5e-5,9100,0,4.005934840675972e-06,5.8384,3.6647,5.1055,0.0899,1.0966501235961914,3290.7,7.24
run1_lr5e-5,9150,0,4.000138104650689e-06,5.6127,3.4665,4.9194,0.0935,1.288718342781067,3329.5,7.22
run1_lr2e-5,1,0,4e-08,10.2347,11.2065,7.9934,0.0179,3.8714661598205566,2.3,5.79
run1_lr2e-5,50,0,1.02e-06,9.4683,10.5457,7.3592,0.0217,4.457826137542725,37.7,7.22
run1_lr2e-5,100,0,2.02e-06,9.5581,10.1614,7.5258,0.0213,4.83933162689209,74.5,7.22
run1_lr2e-5,150,0,3.0200000000000003e-06,9.5992,10.0929,7.5807,0.0228,3.9842865467071533,110.3,6.9
run1_lr2e-5,200,0,4.0200000000000005e-06,8.8822,9.2062,7.041,0.027,2.5937986373901367,149.0,7.23
run1_lr2e-5,250,0,5.02e-06,8.2324,8.1306,6.6062,0.0364,1.8713908195495605,186.3,7.21
run1_lr2e-5,300,0,6.02e-06,7.9254,7.3496,6.4554,0.0455,1.6467293500900269,225.2,7.17
run1_lr2e-5,350,0,7.0200000000000006e-06,7.5949,6.5464,6.2857,0.0399,2.051473379135132,263.3,7.24
run1_lr2e-5,400,0,8.020000000000001e-06,7.4108,5.9986,6.2111,0.0429,1.3841842412948608,297.5,6.68
run1_lr2e-5,450,0,9.020000000000002e-06,7.3632,5.7818,6.2068,0.0567,1.963657259941101,338.9,7.41
run1_lr2e-5,500,0,1.002e-05,7.3068,5.4822,6.2104,0.0498,1.6013658046722412,373.8,7.08
run1_lr2e-5,550,0,1.1020000000000001e-05,7.1475,5.4275,6.062,0.0503,1.3086079359054565,415.5,7.18
run1_lr2e-5,600,0,1.202e-05,7.0477,5.2806,5.9916,0.0457,1.2091271877288818,452.8,7.09
run1_lr2e-5,650,0,1.302e-05,6.9259,5.1458,5.8968,0.0567,1.3316740989685059,490.0,6.85
run1_lr2e-5,700,0,1.402e-05,6.7431,4.9366,5.7558,0.0671,1.5666464567184448,526.3,7.04
run1_lr2e-5,750,0,1.5020000000000002e-05,6.6864,4.8199,5.7224,0.0538,1.601711392402649,563.2,7.19
run1_lr2e-5,800,0,1.6020000000000002e-05,6.768,4.8596,5.796,0.0556,1.4436612129211426,605.6,7.21
run1_lr2e-5,850,0,1.702e-05,6.6479,4.8674,5.6745,0.0566,1.108169674873352,645.3,7.29
run1_lr2e-5,900,0,1.802e-05,6.5231,4.5509,5.6129,0.062,1.4527587890625,685.5,7.13
run1_lr2e-5,950,0,1.902e-05,6.5199,4.5192,5.616,0.0565,1.2345472574234009,725.8,7.19
run1_lr2e-5,1000,0,2e-05,6.4816,4.05,5.6716,0.0711,2.024292230606079,763.1,7.1
run1_lr2e-5,1050,0,1.999829505526888e-05,6.5645,4.3824,5.688,0.0649,1.606793999671936,837.1,7.2
run1_lr2e-5,1100,0,1.9993180852996502e-05,6.2812,4.3281,5.4156,0.0754,1.4417163133621216,873.7,6.93
run1_lr2e-5,1150,0,1.9984659288711614e-05,6.4938,4.511,5.5916,0.0613,1.3123334646224976,910.2,6.74
run1_lr2e-5,1200,0,1.9972733520848152e-05,6.2825,4.2729,5.4279,0.0669,1.7839407920837402,946.4,7.22
run1_lr2e-5,1250,0,1.9957407969574612e-05,6.468,4.3859,5.5908,0.0657,1.349458932876587,985.9,7.07
run1_lr2e-5,1300,0,1.9938688315155762e-05,6.4062,4.4197,5.5223,0.063,1.3694707155227661,1023.1,6.81
run1_lr2e-5,1350,0,1.991658149584728e-05,6.4112,4.2534,5.5605,0.0697,1.489423394203186,1060.0,7.12
run1_lr2e-5,1400,0,1.9891095705324193e-05,6.5032,4.2906,5.6451,0.0655,2.706137180328369,1098.4,7.24
run1_lr2e-5,1450,0,1.9862240389643955e-05,6.4062,4.2724,5.5517,0.0696,1.4745427370071411,1135.7,6.85
run1_lr2e-5,1500,0,1.983002624374535e-05,6.3161,4.127,5.4907,0.0669,1.5806996822357178,1171.0,6.66
run1_lr2e-5,1550,0,1.9794465207484538e-05,6.2855,4.2869,5.4281,0.0668,1.3827751874923706,1204.6,6.66
run1_lr2e-5,1600,0,1.9755570461209652e-05,6.3413,4.1331,5.5146,0.0657,1.6755385398864746,1246.0,7.16
run1_lr2e-5,1650,0,1.9713356420875628e-05,6.3694,4.1328,5.5429,0.065,1.7215639352798462,1283.6,7.13
run1_lr2e-5,1700,0,1.9667838732701086e-05,6.3684,4.2004,5.5283,0.0738,1.8395578861236572,1322.2,7.15
run1_lr2e-5,1750,0,1.961903426736921e-05,6.3825,3.9154,5.5994,0.0708,1.9823509454727173,1357.4,7.34
run1_lr2e-5,1800,0,1.9566961113774778e-05,6.3117,4.0004,5.5116,0.0691,1.848850965499878,1393.5,7.16
run1_lr2e-5,1850,0,1.9511638572319727e-05,6.2993,4.0958,5.4802,0.0633,1.68599534034729,1435.2,7.13
run1_lr2e-5,1900,0,1.945308714775961e-05,6.1674,3.9086,5.3857,0.075,1.7704674005508423,1474.6,7.13
run1_lr2e-5,1950,0,1.9391328541603727e-05,6.1908,3.9021,5.4103,0.0698,1.8835769891738892,1509.4,6.54
run1_lr2e-5,2000,0,1.9326385644071687e-05,6.2781,4.0373,5.4706,0.0698,1.6696052551269531,1547.6,7.27
run1_lr2e-5,2050,0,1.9258282525609347e-05,6.1754,4.1249,5.3505,0.0732,1.569852352142334,1610.5,7.31
run1_lr2e-5,2100,0,1.9187044427967366e-05,6.2255,3.989,5.4277,0.0721,1.7267903089523315,1647.8,7.19
run1_lr2e-5,2150,0,1.9112697754845567e-05,6.2733,4.113,5.4507,0.0775,1.820602536201477,1685.5,7.12
run1_lr2e-5,2200,0,1.90352700621067e-05,6.2108,3.8728,5.4362,0.0678,1.9632130861282349,1722.0,7.09
run1_lr2e-5,2250,0,1.8954790047563102e-05,6.16,3.9248,5.375,0.075,1.72871994972229,1760.3,7.18
run1_lr2e-5,2300,0,1.887128754034016e-05,6.25,3.8227,5.4854,0.0737,2.1404104232788086,1799.4,7.24
run1_lr2e-5,2350,0,1.878479348982042e-05,6.175,3.8235,5.4103,0.0906,2.17118239402771,1835.3,7.29
run1_lr2e-5,2400,0,1.8695339954172515e-05,6.1893,3.9766,5.394,0.0699,1.6683907508850098,1871.3,7.13
run1_lr2e-5,2450,0,1.8602960088469114e-05,6.2162,3.8426,5.4477,0.0704,2.244100570678711,1909.9,7.13
run1_lr2e-5,2500,0,1.8507688132398327e-05,6.201,3.7284,5.4553,0.0777,2.329615354537964,1946.8,7.4
run1_lr2e-5,2550,0,1.8409559397573093e-05,6.038,3.8281,5.2724,0.0755,1.807639479637146,1988.1,7.22
run1_lr2e-5,2600,0,1.8308610254443287e-05,6.1972,3.9565,5.4059,0.0698,1.8190768957138062,2025.1,7.28
run1_lr2e-5,2650,0,1.8204878118815353e-05,6.1609,3.8433,5.3922,0.0661,1.8153464794158936,2064.8,7.22
run1_lr2e-5,2700,0,1.809840143798454e-05,6.1557,4.2232,5.3111,0.0753,1.6154617071151733,2101.4,7.15
run1_lr2e-5,2750,0,1.7989219676484746e-05,6.2735,4.0192,5.4697,0.0609,1.6903648376464844,2139.3,7.27
run1_lr2e-5,2800,0,1.7877373301461413e-05,6.0952,3.9152,5.3122,0.0804,2.0040123462677,2177.1,7.07
run1_lr2e-5,2850,0,1.7762903767672754e-05,6.0573,4.0384,5.2497,0.0728,1.4662624597549438,2218.3,7.2
run1_lr2e-5,2900,0,1.7645853502124958e-05,6.2607,4.0735,5.446,0.07,1.8442167043685913,2258.2,6.99
run1_lr2e-5,2950,0,1.7526265888347063e-05,6.1565,3.6144,5.4337,0.0828,2.720710039138794,2296.8,7.22
run1_lr2e-5,3000,0,1.7404185250311244e-05,6.047,4.0431,5.2384,0.0733,1.5324033498764038,2334.2,7.17
run1_lr2e-5,3050,0,1.7279656836004585e-05,6.1617,3.7527,5.4111,0.0824,2.354943037033081,2399.7,7.3
run1_lr2e-5,3100,0,1.7152726800658355e-05,6.2774,3.7339,5.5306,0.0702,2.0955300331115723,2439.5,7.26
run1_lr2e-5,3150,0,1.702344218964103e-05,6.0914,3.8672,5.3179,0.075,1.7969850301742554,2478.3,7.19
run1_lr2e-5,3200,0,1.689185092102139e-05,6.1095,4.0443,5.3006,0.069,1.4739360809326172,2515.6,7.2
run1_lr2e-5,3250,0,1.6758001767808144e-05,6.1315,3.9564,5.3402,0.071,1.6943001747131348,2552.5,6.97
run1_lr2e-5,3300,0,1.6621944339872717e-05,6.0857,3.7992,5.3258,0.0739,1.9049327373504639,2587.0,6.52
run1_lr2e-5,3350,0,1.6483729065561823e-05,6.2398,3.9828,5.4432,0.0797,1.8160117864608765,2622.6,7.1
run1_lr2e-5,3400,0,1.6343407173006706e-05,6.1423,4.0722,5.3278,0.0742,1.4640657901763916,2660.0,7.21
run1_lr2e-5,3450,0,1.6201030671135912e-05,6.136,3.7798,5.38,0.084,2.090508222579956,2697.9,7.21
run1_lr2e-5,3500,0,1.6056652330398734e-05,6.0868,3.9752,5.2917,0.0789,1.7700285911560059,2736.5,7.01
run1_lr2e-5,3550,0,1.591032566320633e-05,6.1697,3.8093,5.4078,0.0668,1.8224008083343506,2773.8,6.99
run1_lr2e-5,3600,0,1.5762104904097886e-05,6.0893,3.8602,5.3173,0.079,1.991738200187683,2811.7,6.84
run1_lr2e-5,3650,0,1.561204498963911e-05,6.1305,3.867,5.3571,0.0684,1.9834740161895752,2850.1,7.26
run1_lr2e-5,3700,0,1.546020153806055e-05,6.0952,3.8226,5.3307,0.0807,1.9221723079681396,2884.6,6.79
run1_lr2e-5,3750,0,1.5306630828643237e-05,5.9923,3.7115,5.25,0.0846,1.8688768148422241,2923.0,7.24
run1_lr2e-5,3800,0,1.5151389780859312e-05,6.0016,3.8797,5.2256,0.0768,1.487977385520935,2961.4,7.25
run1_lr2e-5,3850,0,1.4994535933275403e-05,5.9928,3.9532,5.2021,0.0876,1.6110823154449463,2997.5,7.22
run1_lr2e-5,3900,0,1.4836127422226506e-05,6.1634,3.7683,5.4097,0.0771,1.94502854347229,3033.8,7.19
run1_lr2e-5,3950,0,1.4676222960268339e-05,5.966,3.7104,5.2239,0.0855,1.9838389158248901,3070.2,7.17
run1_lr2e-5,4000,0,1.451488181441609e-05,5.999,3.8799,5.223,0.0715,1.4641579389572144,3107.8,7.31
run1_lr2e-5,4050,0,1.4352163784177707e-05,6.0174,3.8505,5.2473,0.0765,1.742422103881836,3182.2,7.07
run1_lr2e-5,4100,0,1.4188129179389776e-05,6.1059,3.7793,5.3501,0.0777,2.1131649017333984,3220.6,7.17
run1_lr2e-5,4150,0,1.402283879786429e-05,6.0757,3.7878,5.3182,0.068,1.6480497121810913,3255.4,7.24
run1_lr2e-5,4200,0,1.3856353902854529e-05,6.0754,3.9023,5.2949,0.0835,1.966206431388855,3292.1,7.26
run1_lr2e-5,4250,0,1.3688736200348439e-05,6.0912,3.8934,5.3125,0.0776,1.601906180381775,3330.5,7.31
run1_lr2e-5,4300,0,1.3520047816197913e-05,6.002,3.6127,5.2794,0.0838,2.201409101486206,3367.3,7.2
run1_lr2e-5,4350,0,1.3350351273092473e-05,6.0255,3.7724,5.271,0.0726,1.6793912649154663,3404.5,7.25
run1_lr2e-5,4400,0,1.3179709467385824e-05,6.1086,3.7956,5.3495,0.0766,1.6172361373901367,3442.6,7.29
run1_lr2e-5,4450,0,1.300818564578395e-05,6.0462,3.6716,5.3119,0.076,2.1074934005737305,3480.7,7.02
run1_lr2e-5,4500,0,1.2835843381903357e-05,5.9497,3.9184,5.166,0.0781,1.63967764377594,3520.0,7.17
run1_lr2e-5,4550,0,1.266274655270812e-05,6.0399,3.8445,5.271,0.0716,1.6514341831207275,3559.5,7.32
run1_lr2e-5,4600,0,1.2488959314834526e-05,5.9895,4.066,5.1763,0.0789,1.6036179065704346,3597.7,7.12
run1_lr2e-5,4650,0,1.2314546080812033e-05,6.1038,3.5843,5.3869,0.0772,2.0465309619903564,3636.1,7.08
run1_lr2e-5,4700,0,1.213957149518943e-05,6.0298,3.9288,5.2441,0.0757,1.5102232694625854,3674.2,6.69
run1_lr2e-5,4750,0,1.1964100410574941e-05,6.0721,3.6576,5.3405,0.0823,2.3073384761810303,3711.7,7.03
run1_lr2e-5,4800,0,1.1788197863599253e-05,6.1646,3.6869,5.4272,0.0758,1.8043638467788696,3749.8,7.22
run1_lr2e-5,4850,0,1.1611929050810338e-05,5.9232,3.8627,5.1507,0.0789,1.772735595703125,3786.8,7.17
run1_lr2e-5,4900,0,1.1435359304508983e-05,6.1336,3.7113,5.3913,0.0744,1.916303277015686,3822.8,6.92
run1_lr2e-5,4950,0,1.1258554068534022e-05,6.0244,3.5468,5.315,0.0791,2.402519941329956,3864.7,7.23
run1_lr2e-5,5000,0,1.1081578874006217e-05,5.9136,3.67,5.1796,0.0859,1.769411563873291,3905.1,7.28
run1_lr2e-5,5050,0,1.0904499315039796e-05,6.0393,3.8142,5.2764,0.0767,1.6410365104675293,3977.5,7.03
run1_lr2e-5,5100,0,1.072738102443064e-05,6.0743,3.8558,5.3032,0.0676,1.8239591121673584,4015.3,7.17
run1_lr2e-5,5150,0,1.0550289649330127e-05,6.0875,3.7039,5.3467,0.0722,1.6555092334747314,4052.1,7.14
run1_lr2e-5,5200,0,1.037329082691368e-05,5.9291,3.7973,5.1696,0.0737,1.6512250900268555,4088.6,7.19
run1_lr2e-5,5250,0,1.0196450160052963e-05,5.896,3.8122,5.1336,0.0796,1.5970877408981323,4124.3,7.16
run1_lr2e-5,5300,0,1.0019833193000857e-05,6.0064,3.747,5.257,0.0876,1.7910945415496826,4163.9,7.26
run1_lr2e-5,5350,0,9.843505387098094e-06,6.0754,3.6258,5.3502,0.0936,2.321834087371826,4198.2,7.21
run1_lr2e-5,5400,0,9.667532096510681e-06,6.053,3.6446,5.3241,0.0823,2.211534023284912,4235.0,7.2
run1_lr2e-5,5450,0,9.491978544007012e-06,5.8871,3.5714,5.1728,0.0935,2.0950558185577393,4275.6,7.21
run1_lr2e-5,5500,0,9.316909796783687e-06,6.1037,3.82,5.3397,0.0826,1.9789327383041382,4312.4,6.89
run1_lr2e-5,5550,0,9.142390742349001e-06,5.9686,3.8298,5.2026,0.0795,1.614780306816101,4354.4,6.95
run1_lr2e-5,5600,0,8.968486064473035e-06,5.9315,3.7527,5.1809,0.0768,1.759044885635376,4393.7,7.04
run1_lr2e-5,5650,0,8.79526021921323e-06,5.9909,3.8257,5.2257,0.0755,1.8005961179733276,4433.5,7.22
run1_lr2e-5,5700,0,8.622777411024408e-06,6.0532,3.6205,5.3291,0.0847,2.01745343208313,4472.0,7.2
run1_lr2e-5,5750,0,8.451101568962011e-06,6.0727,3.7321,5.3263,0.0756,1.968862771987915,4507.7,6.9
run1_lr2e-5,5800,0,8.280296322987427e-06,6.0261,3.6081,5.3045,0.0823,2.1032330989837646,4544.4,7.21
run1_lr2e-5,5850,0,8.11042498038417e-06,6.0172,3.7094,5.2753,0.0714,1.707358717918396,4580.6,7.11
run1_lr2e-5,5900,0,7.941550502293662e-06,6.0894,3.6391,5.3616,0.0793,2.0356881618499756,4617.3,7.17
run1_lr2e-5,5950,0,7.773735480379304e-06,5.9951,3.739,5.2473,0.0836,1.8902907371520996,4657.0,7.09
run1_lr2e-5,6000,0,7.6070421136274904e-06,6.0628,3.7333,5.3161,0.0774,2.1691701412200928,4696.5,7.09
run1_lr2e-5,6050,0,7.44153218529417e-06,5.9912,3.6185,5.2675,0.0861,1.9356318712234497,4774.0,6.89
run1_lr2e-5,6100,0,7.277267040005486e-06,6.0633,3.8283,5.2976,0.0774,1.7016416788101196,4814.1,7.19
run1_lr2e-5,6150,0,7.114307561020993e-06,6.1289,3.6131,5.4063,0.0724,2.060192584991455,4849.6,7.05
run1_lr2e-5,6200,0,6.952714147667888e-06,5.9461,3.8389,5.1784,0.0848,1.5295627117156982,4887.3,7.27
run1_lr2e-5,6250,0,6.792546692954576e-06,5.9197,3.8014,5.1594,0.0776,1.6407878398895264,4926.2,7.25
run1_lr2e-5,6300,0,6.633864561371927e-06,6.0501,3.9711,5.2559,0.0745,1.284194827079773,4967.4,7.33
run1_lr2e-5,6350,0,6.476726566890413e-06,6.0689,3.532,5.3625,0.0886,2.5365149974823,5006.0,7.15
run1_lr2e-5,6400,0,6.321190951161286e-06,6.0905,3.8533,5.3198,0.0677,1.6599708795547485,5042.5,7.12
run1_lr2e-5,6450,0,6.167315361929882e-06,5.9559,3.7264,5.2107,0.0914,2.2579548358917236,5080.6,7.19
run1_lr2e-5,6500,0,6.015156831669045e-06,5.948,3.6099,5.2261,0.0882,2.0626394748687744,5119.7,7.28
run1_lr2e-5,6550,0,5.864771756440624e-06,5.9438,3.778,5.1882,0.0781,1.5578502416610718,5157.5,7.17
run1_lr2e-5,6600,0,5.716215874992792e-06,5.8622,3.7523,5.1118,0.0889,1.4877468347549438,5196.3,7.32
run1_lr2e-5,6650,0,5.569544248101071e-06,6.0345,3.5586,5.3227,0.0744,1.9686111211776733,5238.5,7.25
run1_lr2e-5,6700,0,5.424811238160555e-06,6.0411,3.6962,5.3018,0.0794,2.1938161849975586,5276.2,7.29
run1_lr2e-5,6750,0,5.282070489037056e-06,5.8995,3.8059,5.1383,0.0795,2.1176846027374268,5314.8,7.26
run1_lr2e-5,6800,0,5.141374906184517e-06,5.9927,3.798,5.2331,0.0784,1.62192702293396,5354.0,7.23
run1_lr2e-5,6850,0,5.00277663703613e-06,6.0086,3.6466,5.2792,0.0808,1.819989562034607,5391.4,7.11
run1_lr2e-5,6900,0,4.866327051676398e-06,6.0366,3.6775,5.3011,0.0859,2.263338327407837,5428.4,7.15
run1_lr2e-5,6950,0,4.732076723801327e-06,5.8718,3.7867,5.1145,0.0904,1.847164273262024,5468.2,7.22
run1_lr2e-5,7000,0,4.600075411973778e-06,5.8943,3.3694,5.2205,0.098,2.220796823501587,5507.7,6.72
run1_lr2e-5,7050,0,4.470372041180949e-06,6.1176,3.5171,5.4141,0.0844,2.3635454177856445,5582.9,7.11
run1_lr2e-5,7100,0,4.343014684700801e-06,6.1311,3.7748,5.3761,0.0741,1.7905322313308716,5620.7,7.12
run1_lr2e-5,7150,0,4.218050546284186e-06,6.0075,3.6895,5.2696,0.0853,2.2153844833374023,5659.9,7.13
run1_lr2e-5,7200,0,4.095525942659226e-06,5.9997,3.789,5.2419,0.0839,2.063114881515503,5696.6,6.81
run1_lr2e-5,7250,0,3.975486286364485e-06,5.9872,3.7553,5.2361,0.0871,1.6905678510665894,5732.8,7.3
run1_lr2e-5,7300,0,3.857976068917248e-06,5.9585,3.8373,5.1911,0.0823,1.6692055463790894,5769.1,6.97
run1_lr2e-5,7350,0,3.7430388443231925e-06,6.009,4.0338,5.2022,0.0756,1.44089674949646,5805.0,6.78
run1_lr2e-5,7400,0,3.6307172129335023e-06,6.0074,3.7877,5.2499,0.0745,1.4541292190551758,5840.7,7.05
run1_lr2e-5,7450,0,3.5210528056554937e-06,5.8565,3.6003,5.1364,0.0873,1.9526762962341309,5876.2,6.71
run1_lr2e-5,7500,0,3.414086268522506e-06,5.8837,3.4752,5.1887,0.0967,2.420238971710205,5912.5,6.97
run1_lr2e-5,7550,0,3.3098572476288664e-06,5.9481,3.4741,5.2533,0.1019,2.4054174423217773,5948.2,6.56
run1_lr2e-5,7600,0,3.2084043744354436e-06,6.1196,3.7778,5.364,0.0734,1.7819244861602783,5987.0,7.19
run1_lr2e-5,7650,0,3.1097652514512853e-06,5.9758,3.5059,5.2746,0.0937,2.113710403442383,6030.4,7.36
run1_lr2e-5,7700,0,3.013976438296609e-06,6.0484,3.5707,5.3343,0.0746,1.8648372888565063,6067.4,7.08
run1_lr2e-5,7750,0,2.9210734381523497e-06,5.9858,3.5674,5.2723,0.0779,1.7195881605148315,6104.0,7.12
run1_lr2e-5,7800,0,2.831090684601244e-06,6.092,3.7694,5.3381,0.0969,1.9430838823318481,6143.5,7.15
run1_lr2e-5,7850,0,2.744061528865372e-06,6.1168,3.4669,5.4234,0.0763,2.343468189239502,6178.7,7.31
run1_lr2e-5,7900,0,2.6600182274448427e-06,5.9842,3.7787,5.2284,0.08,1.5994303226470947,6217.0,7.11
run1_lr2e-5,7950,0,2.5789919301622622e-06,5.9665,3.7183,5.2229,0.0848,1.86563241481781,6256.7,7.12
run1_lr2e-5,8000,0,2.5010126686173253e-06,5.9121,3.8775,5.1366,0.0844,1.5981875658035278,6295.1,7.03
run1_lr2e-5,8050,0,2.4261093450559303e-06,6.0468,3.6386,5.3191,0.0819,1.8509495258331299,6372.4,7.27
run1_lr2e-5,8100,0,2.3543097216578224e-06,6.0142,3.4793,5.3183,0.0767,1.8958028554916382,6410.0,7.29
run1_lr2e-5,8150,0,2.2856404102468343e-06,5.9762,3.608,5.2546,0.0794,1.7165908813476562,6450.5,6.92
run1_lr2e-5,8200,0,2.2201268624274573e-06,5.8067,3.6824,5.0702,0.0906,1.813157558441162,6487.7,6.98
run1_lr2e-5,8250,0,2.157793360151471e-06,6.0312,3.4998,5.3313,0.0692,2.107692003250122,6525.0,7.22
run1_lr2e-5,8300,0,2.0986630067180626e-06,5.9603,3.7007,5.2202,0.0819,1.8390216827392578,6561.7,7.21
run1_lr2e-5,8350,0,2.0427577182108315e-06,5.8175,3.5284,5.1118,0.0856,1.9633270502090454,6602.1,7.22
run1_lr2e-5,8400,0,1.9900982153747924e-06,5.9551,3.6565,5.2238,0.0782,2.0542871952056885,6640.6,7.22
run1_lr2e-5,8450,0,1.940704015936448e-06,5.9686,3.3978,5.289,0.0851,2.3000431060791016,6681.5,7.19
run1_lr2e-5,8500,0,1.894593427369727e-06,5.9436,3.4938,5.2449,0.0855,2.3257415294647217,6719.0,7.2
run1_lr2e-5,8550,0,1.8517835401105069e-06,5.9989,3.7499,5.2489,0.0808,1.6952738761901855,6757.3,7.11
run1_lr2e-5,8600,0,1.8122902212222026e-06,5.9768,3.6248,5.2518,0.0821,1.9773008823394775,6795.9,7.15
run1_lr2e-5,8650,0,1.776128108514806e-06,6.0197,3.7886,5.262,0.0701,1.6131635904312134,6835.4,7.31
run1_lr2e-5,8700,0,1.7433106051195165e-06,5.8826,3.6086,5.1609,0.0999,1.8671141862869263,6873.1,6.63
run1_lr2e-5,8750,0,1.7138498745210122e-06,5.9629,3.7427,5.2143,0.0843,1.9008172750473022,6910.1,7.23
run1_lr2e-5,8800,0,1.6877568360491604e-06,5.9296,3.8177,5.166,0.0897,2.1119744777679443,6948.5,7.25
run1_lr2e-5,8850,0,1.6650411608318911e-06,5.9778,3.6904,5.2398,0.0824,1.9342011213302612,6984.7,7.13
run1_lr2e-5,8900,0,1.6457112682106755e-06,5.9431,3.9624,5.1506,0.0911,1.8932433128356934,7023.8,7.24
run1_lr2e-5,8950,0,1.629774322619987e-06,5.9252,3.8106,5.1631,0.0853,1.6045457124710083,7063.1,7.08
run1_lr2e-5,9000,0,1.6172362309318719e-06,6.0069,3.8536,5.2362,0.0765,1.5352023839950562,7103.5,7.16
run1_lr2e-5,9050,0,1.6081016402666273e-06,6.0253,3.6633,5.2927,0.0781,1.9261895418167114,7171.6,7.31
run1_lr2e-5,9100,0,1.6023739362703888e-06,6.0121,3.9063,5.2309,0.0765,1.5535026788711548,7212.3,7.24
run1_lr2e-5,9150,0,1.6000552418602758e-06,5.8538,3.7819,5.0974,0.0804,1.6833178997039795,7251.1,7.22
run2,1,0,1.0000000000000001e-07,9.7537,10.7783,7.5981,0.0221,5.913368225097656,4.3,5.79
run2,50,0,2.55e-06,9.513,10.4053,7.4319,0.0216,4.330572128295898,41.4,7.2
run2,100,0,5.050000000000001e-06,9.4149,9.8094,7.453,0.0234,2.927861452102661,78.4,7.07
run2,150,0,7.55e-06,8.5321,8.4145,6.8492,0.0334,2.406506299972534,118.9,7.22
run2,200,0,1.005e-05,7.834,7.0267,6.4287,0.0398,1.851170539855957,156.2,7.19
run2,250,0,1.255e-05,7.2791,5.9092,6.0973,0.0463,1.2608039379119873,194.3,6.81
run2,300,0,1.505e-05,7.0522,5.6206,5.9281,0.0564,1.2288076877593994,230.5,7.12
run2,350,0,1.755e-05,7.0902,5.3359,6.0231,0.0476,1.370473027229309,269.0,7.26
run2,400,0,2.0050000000000003e-05,7.0686,5.2003,6.0285,0.0514,1.8054708242416382,306.0,7.12
run2,450,0,2.2550000000000003e-05,6.924,4.8556,5.9529,0.0572,1.6686084270477295,345.0,7.06
run2,500,0,2.5050000000000002e-05,6.6704,4.372,5.796,0.0708,1.997297763824463,379.5,7.22
run2,550,0,2.7550000000000002e-05,6.5637,4.6189,5.6399,0.0604,1.408557653427124,416.4,7.02
run2,600,0,3.0050000000000002e-05,6.4924,4.1768,5.657,0.0606,1.7509772777557373,450.4,6.75
run2,650,0,3.2550000000000005e-05,6.4435,4.6202,5.5195,0.0674,1.414520025253296,487.8,7.14
run2,700,0,3.505e-05,6.5711,4.5014,5.6708,0.0539,1.308456301689148,525.2,6.8
run2,750,0,3.7550000000000005e-05,6.4938,4.5002,5.5937,0.0624,1.3282995223999023,563.1,7.17
run2,800,0,4.0050000000000004e-05,6.3652,4.1569,5.5338,0.0702,1.7655738592147827,601.8,7.1
run2,850,0,4.2550000000000004e-05,6.3678,4.3324,5.5013,0.0731,1.5817556381225586,641.6,6.97
run2,900,0,4.5050000000000004e-05,6.331,4.2807,5.4749,0.064,1.6163526773452759,676.7,7.21
run2,950,0,4.755e-05,6.3117,4.1436,5.4829,0.0715,1.6322331428527832,715.8,6.89
run2,1000,0,5e-05,6.3281,4.3219,5.4637,0.0671,1.6354990005493164,751.1,7.25
run2,1050,0,4.999990478374278e-05,6.331,4.1593,5.4991,0.0654,1.5208386182785034,787.9,7.24
run2,1100,0,4.999961913575947e-05,6.2737,4.2509,5.4236,0.0641,1.3321667909622192,825.3,7.09
run2,1150,0,4.999914305841516e-05,6.2973,4.2783,5.4417,0.0615,1.4896838665008545,858.8,6.72
run2,1200,0,4.999847655565158e-05,6.2233,3.9592,5.4315,0.0636,1.872124195098877,894.5,7.15
run2,1250,0,4.999761963298719e-05,6.2201,3.9196,5.4362,0.0718,1.8101063966751099,928.7,6.89
run2,1300,0,4.999657229751702e-05,6.112,3.9705,5.3179,0.0726,1.703348994255066,964.1,7.17
run2,1350,0,4.9995334557912656e-05,6.1961,4.0881,5.3785,0.0742,1.5467002391815186,1003.6,7.28
run2,1400,0,4.99939064244222e-05,6.1654,4.0108,5.3632,0.073,1.420829176902771,1041.5,7.24
run2,1450,0,4.999228790887012e-05,6.2532,3.8354,5.4861,0.0739,1.81642746925354,1077.7,7.25
run2,1500,0,4.9990479024657195e-05,6.1216,3.9722,5.3271,0.0759,1.6769624948501587,1118.9,7.31
run2,1550,0,4.9988479786760394e-05,6.1343,3.8211,5.3701,0.0816,1.8193832635879517,1158.2,7.09
run2,1600,0,4.998629021173278e-05,6.0986,4.1377,5.271,0.0718,1.2308639287948608,1196.3,7.24
run2,1650,0,4.99839103177033e-05,6.1041,4.0401,5.2961,0.0802,1.5293081998825073,1235.0,7.07
run2,1700,0,4.99813401243767e-05,6.1877,3.8088,5.426,0.072,1.7240129709243774,1272.6,7.15
run2,1750,0,4.997857965303336e-05,6.2019,3.8478,5.4323,0.0748,1.6581952571868896,1307.7,7.26
run2,1800,0,4.997562892652907e-05,6.169,3.7858,5.4119,0.0796,1.7556164264678955,1343.9,6.79
run2,1850,0,4.9972487969294903e-05,6.0934,3.7062,5.3521,0.078,1.665183186531067,1380.4,6.92
run2,1900,0,4.9969156807336933e-05,6.0013,3.9796,5.2054,0.0787,1.2136362791061401,1417.1,7.26
run2,1950,0,4.996563546823613e-05,6.1231,4.0221,5.3187,0.0709,1.3281108140945435,1455.4,7.27
run2,2000,0,4.996192398114802e-05,6.0999,3.7139,5.3571,0.0715,1.582682490348816,1491.9,7.08
run2,2050,0,4.99580223768025e-05,6.0103,3.9262,5.2251,0.0828,1.3986246585845947,1537.6,7.04
run2,2100,0,4.99539306875036e-05,6.097,3.7154,5.3539,0.0788,1.4804766178131104,1573.5,7.29
run2,2150,0,4.994964894712916e-05,6.027,3.8751,5.252,0.0776,1.332195520401001,1613.9,7.12
run2,2200,0,4.994517719113061e-05,6.053,3.6682,5.3193,0.0754,1.5207875967025757,1651.1,6.65
run2,2250,0,4.9940515456532634e-05,6.0082,3.7834,5.2515,0.0785,1.435177206993103,1689.5,7.12
run2,2300,0,4.993566378193287e-05,6.0749,3.653,5.3443,0.0759,1.5470960140228271,1727.7,7.07
run2,2350,0,4.99306222075016e-05,6.165,3.8567,5.3936,0.0758,1.4045276641845703,1765.6,7.1
run2,2400,0,4.992539077498143e-05,5.9641,3.5718,5.2497,0.0819,1.4146969318389893,1800.9,6.98
run2,2450,0,4.991996952768692e-05,6.0663,3.9951,5.2672,0.0798,1.7501494884490967,1839.2,7.03
run2,2500,0,4.991435851050423e-05,6.0136,3.7505,5.2635,0.0754,1.463773488998413,1879.5,7.19
run2,2550,0,4.990855776989076e-05,5.9609,3.9601,5.1689,0.0829,1.289322853088379,1917.9,7.16
run2,2600,0,4.990256735387474e-05,5.8651,3.5265,5.1598,0.0858,1.472579836845398,1954.2,7.09
run2,2650,0,4.989638731205487e-05,5.9325,3.7128,5.1899,0.0797,1.588731050491333,1991.8,7.22
run2,2700,0,4.98900176955999e-05,6.0082,3.8655,5.2351,0.0858,1.436204195022583,2029.2,7.04
run2,2750,0,4.988345855724816e-05,5.9289,3.7015,5.1886,0.0858,1.5281065702438354,2066.6,6.82
run2,2800,0,4.98767099513072e-05,5.7695,3.4283,5.0839,0.1033,1.7642492055892944,2106.3,6.97
run2,2850,0,4.986977193365326e-05,5.937,3.7312,5.1908,0.0817,1.4681625366210938,2138.6,6.54
run2,2900,0,4.98626445617309e-05,5.973,3.7391,5.2252,0.0746,1.4492459297180176,2176.1,7.11
run2,2950,0,4.985532789455241e-05,5.829,3.4804,5.1329,0.0841,1.348236083984375,2214.1,6.94
run2,3000,0,4.984782199269741e-05,5.9955,3.5605,5.2834,0.0767,1.6505838632583618,2249.1,7.24
run2,3050,0,4.984012691831236e-05,5.8603,3.5962,5.141,0.0987,1.4928339719772339,2285.5,7.25
run2,3100,0,4.983224273510993e-05,5.9801,3.5948,5.2612,0.0752,1.3659961223602295,2320.8,6.6
run2,3150,0,4.982416950836862e-05,5.91,3.5808,5.1939,0.0886,1.4192742109298706,2359.1,6.76
run2,3200,0,4.981590730493211e-05,6.0187,3.6467,5.2894,0.0717,1.4531928300857544,2395.9,7.13
run2,3250,0,4.980745619320875e-05,6.1429,3.7626,5.3903,0.0642,1.6586768627166748,2432.6,7.07
run2,3300,0,4.9798816243171e-05,5.8139,3.5482,5.1043,0.0894,1.3757514953613281,2470.1,7.1
run2,3350,0,4.978998752635484e-05,5.8521,3.5234,5.1474,0.0794,1.4669641256332397,2507.9,7.08
run2,3400,0,4.978097011585917e-05,5.9082,3.7556,5.1571,0.086,1.2693438529968262,2546.9,6.83
run2,3450,0,4.9771764086345195e-05,5.822,3.5317,5.1157,0.0846,1.3987585306167603,2585.5,6.89
run2,3500,0,4.9762369514035874e-05,5.8562,3.6543,5.1254,0.0816,1.2882722616195679,2624.6,7.12
run2,3550,0,4.975278647671518e-05,5.7982,3.735,5.0512,0.0803,0.9096894860267639,2664.8,7.09
run2,3600,0,4.974301505372756e-05,5.8206,3.7624,5.0682,0.0858,1.0446888208389282,2702.4,6.69
run2,3650,0,4.973305532597721e-05,5.8755,3.2449,5.2265,0.0835,1.5611120462417603,2739.2,7.17
run2,3700,0,4.972290737592744e-05,5.9218,3.78,5.1658,0.0759,1.299480676651001,2776.1,7.12
run2,3750,0,4.971257128759997e-05,5.7409,3.813,4.9783,0.0925,1.0620875358581543,2811.7,7.13
run2,3800,0,4.970204714657425e-05,5.78,3.3752,5.1049,0.0841,1.51915442943573,2846.2,6.59
run2,3850,0,4.969133503998673e-05,5.9353,3.7891,5.1775,0.0811,1.3066730499267578,2882.0,6.89
run2,3900,0,4.968043505653018e-05,5.7076,3.4845,5.0107,0.089,1.2264723777770996,2919.4,6.94
run2,3950,0,4.966934728645291e-05,5.8686,3.5759,5.1534,0.087,1.276720643043518,2959.5,7.27
run2,4000,0,4.965807182155806e-05,5.8407,3.3982,5.1611,0.0883,1.69672429561615,2995.9,7.1
run2,4050,0,4.964660875520279e-05,5.9607,3.5939,5.2419,0.0763,1.136115312576294,3036.1,6.87
run2,4100,0,4.963495818229756e-05,5.8687,3.2994,5.2088,0.0822,1.4495410919189453,3070.4,6.67
run2,4150,0,4.962312019930533e-05,5.7746,3.6671,5.0412,0.079,1.1699308156967163,3106.8,7.2
run2,4200,0,4.961109490424076e-05,5.8785,3.4174,5.195,0.0904,1.526286244392395,3145.9,7.31
run2,4250,0,4.959888239666935e-05,6.0302,3.5962,5.311,0.0819,1.4449759721755981,3180.9,6.75
run2,4300,0,4.958648277770671e-05,5.8508,3.6229,5.1262,0.0797,1.098816156387329,3218.8,6.55
run2,4350,0,4.9573896150017645e-05,5.7667,3.4802,5.0707,0.0853,1.395846962928772,3252.1,7.17
run2,4400,0,4.956112261781534e-05,5.7268,3.6936,4.9881,0.0803,1.0954549312591553,3288.7,7.22
run2,4450,0,4.9548162286860464e-05,5.8314,3.3842,5.1546,0.0843,1.2401765584945679,3326.1,7.08
run2,4500,0,4.953501526446035e-05,5.8124,3.4315,5.1261,0.0879,1.316646933555603,3362.6,7.22
run2,4550,0,4.952168165946808e-05,5.7918,3.6389,5.064,0.092,1.0708471536636353,3402.3,6.93
run2,4600,0,4.950816158228154e-05,5.7495,3.3736,5.0748,0.0846,1.5620383024215698,3441.2,7.23
run2,4650,0,4.949445514484258e-05,5.8765,3.6046,5.1556,0.0801,1.0818647146224976,3479.5,7.3
run2,4700,0,4.948056246063606e-05,5.9415,3.3569,5.2701,0.0846,1.5360360145568848,3517.6,7.08
run2,4750,0,4.946648364468884e-05,5.6534,3.456,4.9622,0.0897,1.2710808515548706,3557.2,7.09
run2,4800,0,4.9452218813568976e-05,5.7014,3.4238,5.0166,0.0988,1.5407238006591797,3593.3,7.24
run2,4850,0,4.94377680853846e-05,5.7811,3.6776,5.0456,0.086,1.0950891971588135,3634.0,7.14
run2,4900,0,4.942313157978306e-05,5.7563,3.4543,5.0654,0.0886,1.2745150327682495,3672.6,6.79
run2,4950,0,4.940830941794984e-05,6.0011,3.4652,5.308,0.0881,1.6287050247192383,3711.1,6.88
run2,5000,0,4.9393301722607625e-05,5.9443,3.4551,5.2533,0.0795,1.1943577527999878,3745.2,6.77
run2,5050,0,4.937810861801524e-05,5.6408,3.6234,4.9161,0.09,1.1891599893569946,3781.8,7.09
run2,5100,0,4.9362730229966656e-05,5.8769,3.5072,5.1755,0.082,1.347638726234436,3822.0,7.06
run2,5150,0,4.934716668578993e-05,5.9132,3.5203,5.2091,0.0811,1.3874032497406006,3859.8,7.05
run2,5200,0,4.93314181143461e-05,5.9051,3.4747,5.2102,0.088,1.236339807510376,3899.4,7.14
run2,5250,0,4.931548464602827e-05,5.767,3.5029,5.0664,0.089,1.268853783607483,3936.7,7.01
run2,5300,0,4.929936641276033e-05,6.0312,3.3431,5.3625,0.085,1.692830204963684,3974.5,7.19
run2,5350,0,4.9283063547996024e-05,5.7372,3.3942,5.0583,0.0934,1.4949513673782349,4011.6,7.07
run2,5400,0,4.926657618671777e-05,5.7903,3.3905,5.1122,0.0825,1.5351723432540894,4048.1,6.84
run2,5450,0,4.924990446543553e-05,5.693,3.5528,4.9825,0.0932,1.1114811897277832,4084.8,7.18
run2,5500,0,4.9233048522185755e-05,5.8305,3.4975,5.131,0.088,1.2389681339263916,4121.7,7.21
run2,5550,0,4.921600849653016e-05,5.7227,3.4801,5.0267,0.0883,1.2766144275665283,4158.0,7.12
run2,5600,0,4.91987845295546e-05,5.7697,3.3663,5.0965,0.0874,1.3757474422454834,4193.7,7.26
run2,5650,0,4.918137676386794e-05,5.9632,3.6078,5.2416,0.0783,1.1886874437332153,4231.0,7.05
run2,5700,0,4.91637853436008e-05,5.7814,3.4562,5.0901,0.0845,1.3246561288833618,4269.8,7.2
run2,5750,0,4.914601041440441e-05,5.8593,3.5617,5.147,0.0838,1.2523975372314453,4309.3,7.15
run2,5800,0,4.912805212344941e-05,5.7467,3.4815,5.0504,0.0885,1.2073765993118286,4343.2,6.85
run2,5850,0,4.91099106194246e-05,5.5799,3.4772,4.8845,0.092,1.2965739965438843,4384.5,7.31
run2,5900,0,4.909158605253573e-05,5.8565,3.497,5.1571,0.079,1.2653335332870483,4422.9,7.27
run2,5950,0,4.9073078574504246e-05,5.7348,3.5367,5.0275,0.0935,1.25825834274292,4461.1,6.82
run2,6000,0,4.9054388338566045e-05,5.7348,3.2643,5.082,0.0904,1.4276024103164673,4499.8,7.2
run2,6050,0,4.90355154994702e-05,5.6374,3.2974,4.9779,0.0876,1.3942078351974487,4543.5,7.27
run2,6100,0,4.9016460213477664e-05,5.7513,3.4953,5.0522,0.0873,1.412037968635559,4580.6,7.07
run2,6150,0,4.899722263836002e-05,5.7297,3.3908,5.0516,0.0899,1.2945290803909302,4616.3,6.64
run2,6200,0,4.897780293339812e-05,5.734,3.3424,5.0655,0.0924,1.2414448261260986,4656.6,7.16
run2,6250,0,4.895820125938081e-05,5.6981,3.4795,5.0022,0.0898,1.1584724187850952,4691.4,6.82
run2,6300,0,4.893841777860356e-05,5.8697,3.4124,5.1873,0.096,1.4399241209030151,4729.5,7.13
run2,6350,0,4.891845265486715e-05,5.6714,3.3102,5.0093,0.0864,1.2550243139266968,4765.1,7.26
run2,6400,0,4.8898306053476316e-05,5.6807,3.3265,5.0154,0.1007,1.2609741687774658,4802.3,6.83
run2,6450,0,4.887797814123836e-05,5.6972,3.4493,5.0074,0.0859,1.407738208770752,4838.7,6.99
run2,6500,0,4.8857469086461775e-05,5.7265,3.3958,5.0473,0.0854,1.357594609260559,4875.1,7.14
run2,6550,0,4.883677905895487e-05,5.6312,3.1828,4.9947,0.0825,1.4305769205093384,4911.0,7.07
run2,6600,0,4.881590823002432e-05,5.8289,3.6264,5.1036,0.0854,1.2801322937011719,4946.8,7.2
run2,6650,0,4.8794856772473816e-05,5.6134,3.1448,4.9844,0.1061,1.4873301982879639,4985.4,6.96
run2,6700,0,4.8773624860602567e-05,5.6627,3.5624,4.9502,0.0982,1.0461007356643677,5025.1,7.12
run2,6750,0,4.8752212670203886e-05,5.5978,3.3627,4.9252,0.0829,1.241697072982788,5063.5,7.09
run2,6800,0,4.873062037856375e-05,5.8111,3.4594,5.1192,0.0865,1.3548539876937866,5099.6,7.18
run2,6850,0,4.87088481644593e-05,5.6549,3.3591,4.9831,0.0911,1.995373010635376,5135.7,7.14
run2,6900,0,4.868689620815739e-05,5.7827,3.5637,5.07,0.0801,1.1253602504730225,5171.6,6.76
run2,6950,0,4.866476469141307e-05,5.6413,3.2554,4.9902,0.0851,1.3787105083465576,5208.6,7.07
run2,7000,0,4.864245379746809e-05,5.7404,3.3013,5.0801,0.0933,1.2205595970153809,5244.4,7.2
run2,7050,0,4.86199637110494e-05,5.8572,3.5113,5.1549,0.0916,1.384521245956421,5282.0,7.09
run2,7100,0,4.859729461836759e-05,5.5744,3.3624,4.902,0.1058,1.5368852615356445,5323.4,6.99
run2,7150,0,4.8574446707115376e-05,5.8894,3.4184,5.2057,0.0798,1.122413158416748,5359.7,7.27
run2,7200,0,4.8551420166466015e-05,5.716,3.4136,5.0333,0.0908,1.1271071434020996,5399.1,7.02
run2,7250,0,4.852821518707178e-05,5.7474,3.4499,5.0575,0.0895,4.635367393493652,5434.2,7.02
run2,7300,0,4.8504831961062354e-05,5.716,3.3279,5.0504,0.0857,1.2362909317016602,5475.7,7.29
run2,7350,0,4.8481270682043225e-05,5.612,3.0508,5.0019,0.0947,1.5523804426193237,5515.1,7.17
run2,7400,0,4.8457531545094114e-05,5.7548,3.4197,5.0709,0.0878,1.2197575569152832,5549.2,6.6
run2,7450,0,4.843361474676736e-05,5.6894,3.4681,4.9958,0.0876,0.9853554964065552,5587.8,7.38
run2,7500,0,4.8409520485086254e-05,5.7531,3.4165,5.0698,0.0861,1.201319932937622,5629.7,7.28
run2,7550,0,4.838524895954346e-05,5.6728,3.1772,5.0374,0.0945,1.4302910566329956,5668.3,6.72
run2,7600,0,4.8360800371099296e-05,5.6732,3.3559,5.002,0.0964,1.266827940940857,5704.1,6.82
run2,7650,0,4.833617492218013e-05,5.7704,3.2585,5.1187,0.0902,1.3523917198181152,5739.2,7.21
run2,7700,0,4.8311372816676645e-05,5.6674,3.568,4.9538,0.089,1.1320850849151611,5773.7,7.2
run2,7750,0,4.828639425994222e-05,5.8331,3.5004,5.1331,0.0869,1.1795470714569092,5811.1,7.17
run2,7800,0,4.8261239458791165e-05,5.7285,3.3644,5.0556,0.089,1.0979021787643433,5849.0,6.65
run2,7850,0,4.8235908621497054e-05,5.7363,3.4717,5.042,0.0834,1.1743407249450684,5884.3,7.13
run2,7900,0,4.821040195779097e-05,5.5841,3.1377,4.9565,0.0867,1.3927943706512451,5921.8,6.76
run2,7950,0,4.818471967885979e-05,5.7192,3.2355,5.0721,0.1016,1.523378849029541,5956.8,6.7
run2,8000,0,4.815886199734443e-05,5.7192,3.3255,5.0541,0.0923,1.2764575481414795,5994.4,7.14
run2,8050,0,4.813282912733806e-05,5.793,3.4595,5.1011,0.0781,1.0839455127716064,6037.5,6.89
run2,8100,0,4.8106621284384395e-05,5.5298,3.385,4.8528,0.1013,1.2496803998947144,6071.0,6.57
run2,8150,0,4.808023868547584e-05,5.6056,3.2979,4.946,0.1074,1.3100428581237793,6109.7,7.24
run2,8200,0,4.80536815490517e-05,5.7515,3.3549,5.0805,0.099,1.3651659488677979,6146.0,6.83
run2,8250,0,4.8026950094996455e-05,5.6162,3.2726,4.9617,0.0874,1.2681792974472046,6182.7,7.09
run2,8300,0,4.800004454463783e-05,5.7072,3.1809,5.071,0.0868,1.2615982294082642,6219.4,6.7
run2,8350,0,4.797296512074502e-05,5.6186,3.4129,4.9361,0.1028,1.184376835823059,6258.3,6.95
run2,8400,0,4.794571204752685e-05,5.6777,3.4271,4.9923,0.0864,1.1302986145019531,6297.1,6.63
run2,8450,0,4.7918285550629906e-05,5.6691,3.2898,5.0111,0.0898,1.053708553314209,6333.6,6.63
run2,8500,0,4.789068585713664e-05,5.6777,3.3098,5.0158,0.0875,1.2098541259765625,6370.0,7.25
run2,8550,0,4.7862913195563524e-05,5.5657,3.1447,4.9367,0.0915,1.3725632429122925,6409.8,7.17
run2,8600,0,4.783496779585918e-05,5.7125,3.4658,5.0193,0.095,1.188925862312317,6446.3,7.33
run2,8650,0,4.780684988940241e-05,5.6849,3.3799,5.0089,0.0861,1.2061610221862793,6479.9,7.4
run2,8700,0,4.7778559709000334e-05,5.6536,3.2296,5.0077,0.103,1.749267578125,6517.4,7.02
run2,8750,0,4.775009748888643e-05,5.5708,3.3476,4.9013,0.0993,1.3257944583892822,6553.1,7.12
run2,8800,0,4.772146346471862e-05,5.7277,3.1471,5.0983,0.095,1.3488223552703857,6586.4,6.68
run2,8850,0,4.7692657873577314e-05,5.6962,3.2365,5.0489,0.0949,1.3936476707458496,6622.1,7.23
run2,8900,0,4.7663680953963424e-05,5.7801,3.3382,5.1125,0.086,1.5124601125717163,6659.6,7.32
run2,8950,0,4.763453294579641e-05,5.6258,3.4811,4.9296,0.093,1.0343997478485107,6696.0,6.71
run2,9000,0,4.76052140904123e-05,5.7021,3.3779,5.0265,0.0834,1.1852530241012573,6737.4,6.64
run2,9050,0,4.757572463056166e-05,5.5487,3.4158,4.8656,0.1033,1.0511022806167603,6775.5,6.9
run2,9100,0,4.7546064810407646e-05,5.717,3.4049,5.036,0.0825,1.293150544166565,6816.1,7.1
run2,9150,0,4.75162348755239e-05,5.7584,3.3404,5.0903,0.0938,1.4141252040863037,6850.8,7.12
run2,9200,0,4.7486235072892574e-05,5.6458,3.3256,4.9807,0.0895,1.060996174812317,6886.8,7.25
run2,9250,0,4.7456065650902264e-05,5.7416,3.3237,5.0769,0.0821,1.1142823696136475,6922.6,7.13
run2,9300,0,4.742572685934598e-05,5.5891,3.3098,4.9272,0.1045,1.5226558446884155,6958.7,6.88
run2,9350,0,4.7395218949419036e-05,5.5985,3.2491,4.9487,0.0926,1.089463710784912,6997.5,7.15
run2,9400,0,4.7364542173716996e-05,5.6435,3.1251,5.0185,0.1052,1.4243491888046265,7032.1,7.3
run2,9450,0,4.7333696786233586e-05,5.6882,3.4219,5.0038,0.0941,1.3365510702133179,7068.6,6.84
run2,9500,0,4.7302683042358556e-05,5.567,3.1074,4.9455,0.0951,1.729620337486267,7108.2,7.29
run2,9550,0,4.7271501198875624e-05,5.5564,3.3168,4.8931,0.1079,1.4107565879821777,7144.7,7.25
run2,9600,0,4.7240151513960315e-05,5.6448,3.5106,4.9427,0.0885,1.026270866394043,7181.0,7.21
run2,9650,0,4.72086342471778e-05,5.703,3.4064,5.0218,0.0885,1.2836014032363892,7218.3,7.16
run2,9700,0,4.7176949659480804e-05,5.584,3.413,4.9014,0.0908,1.1432428359985352,7254.4,6.54
run2,9750,0,4.71450980132074e-05,5.6091,2.9972,5.0096,0.1029,1.6198920011520386,7292.9,6.72
run2,9800,0,4.711307957207883e-05,5.5749,2.9585,4.9832,0.0977,1.5399181842803955,7332.5,7.14
run2,9850,0,4.70808946011974e-05,5.7984,3.228,5.1528,0.0832,1.3276532888412476,7368.4,7.26
run2,9900,0,4.704854336704418e-05,5.606,3.2193,4.9621,0.0937,1.141057014465332,7407.9,7.17
run2,9950,0,4.7016026137476845e-05,5.554,2.9876,4.9565,0.1062,1.60435950756073,7443.8,6.9
run2,10000,0,4.698334318172748e-05,5.6449,3.2127,5.0024,0.1055,1.7463325262069702,7485.1,7.15
run2,10050,0,4.695049477040035e-05,5.6046,3.3141,4.9418,0.0945,1.1764503717422485,7526.3,6.56
run2,10100,0,4.691748117546958e-05,5.6769,3.2758,5.0217,0.0902,1.289681077003479,7566.9,7.14
run2,10150,0,4.6884302670276985e-05,5.5046,3.2656,4.8514,0.0999,1.2025152444839478,7604.0,7.09
run2,10200,0,4.685095952952981e-05,5.6933,3.2436,5.0446,0.0882,1.2984505891799927,7642.8,7.22
run2,10250,0,4.681745202929841e-05,5.6987,3.3853,5.0216,0.0913,1.1840177774429321,7677.5,6.94
run2,10300,0,4.678378044701397e-05,5.6643,3.1255,5.0392,0.1037,1.4821224212646484,7715.8,7.07
run2,10350,0,4.6749945061466234e-05,5.6733,3.366,5.0001,0.0891,1.439234733581543,7754.8,7.26
run2,10400,0,4.671594615280118e-05,5.631,3.1577,4.9994,0.0973,1.4799368381500244,7793.5,6.86
run2,10450,0,4.668178400251872e-05,5.5507,3.2277,4.9051,0.0928,1.1480365991592407,7829.1,7.27
run2,10500,0,4.664745889347032e-05,5.7202,3.298,5.0606,0.0899,1.2813982963562012,7864.0,6.79
run2,10550,0,4.6612971109856734e-05,5.5358,3.199,4.896,0.0975,1.4961165189743042,7902.0,7.03
run2,10600,0,4.6578320937225573e-05,5.6915,3.197,5.0521,0.088,1.4454717636108398,7942.5,7.02
run2,10650,0,4.6543508662468975e-05,5.5018,3.2344,4.855,0.1017,1.3464372158050537,7982.2,6.9
run2,10700,0,4.650853457382128e-05,5.6205,3.319,4.9567,0.0894,0.9816481471061707,8019.6,7.1
run2,10750,0,4.6473398960856526e-05,5.6328,3.2752,4.9777,0.1006,1.2935142517089844,8057.4,6.59
run2,10800,0,4.6438102114486177e-05,5.7872,3.1223,5.1627,0.0871,1.5510104894638062,8095.1,7.2
run2,10850,0,4.6402644326956624e-05,5.6672,3.4246,4.9823,0.0921,1.0046604871749878,8132.4,6.86
run2,10900,0,4.63670258918468e-05,5.4357,3.2179,4.7921,0.1024,1.332087755203247,8167.1,6.89
run2,10950,0,4.633124710406576e-05,5.6636,3.2342,5.0168,0.0986,1.5410373210906982,8205.9,7.1
run2,11000,0,4.629530825985023e-05,5.7038,3.1634,5.0711,0.0851,1.3495845794677734,8243.1,7.29
run2,11050,0,4.6259209656762144e-05,5.7229,3.086,5.1057,0.0945,1.552367091178894,8280.1,7.2
run2,11100,0,4.622295159368617e-05,5.5477,3.1405,4.9196,0.092,1.426079511642456,8316.3,6.7
run2,11150,0,4.618653437082729e-05,5.6437,3.1467,5.0144,0.0912,1.3559577465057373,8353.3,6.88
run2,11200,0,4.614995828970824e-05,5.5647,3.2838,4.9079,0.0945,1.345089316368103,8388.2,7.11
run2,11250,0,4.611322365316709e-05,5.5016,3.3087,4.8398,0.0945,1.0696215629577637,8424.7,7.23
run2,11300,0,4.6076330765354644e-05,5.6207,3.2398,4.9728,0.0871,1.3918588161468506,8461.8,6.58
run2,11350,0,4.6039279931732035e-05,5.6534,3.1428,5.0249,0.0985,1.4931447505950928,8497.9,7.12
run2,11400,0,4.600207145906808e-05,5.6056,3.1828,4.9691,0.0882,1.2036755084991455,8533.7,7.09
run2,11450,0,4.596470565543685e-05,5.4665,3.2702,4.8124,0.1055,1.34304940700531,8572.4,6.91
run2,11500,0,4.5927182830215014e-05,5.5395,3.2181,4.8959,0.1072,1.4817053079605103,8609.7,7.07
run2,11550,0,4.588950329407937e-05,5.5254,3.121,4.9012,0.093,1.418791651725769,8648.5,7.22
run2,11600,0,4.5851667359004205e-05,5.6005,3.0438,4.9917,0.0857,1.4773781299591064,8682.4,7.22
run2,11650,0,4.581367533825876e-05,5.4895,3.0459,4.8803,0.1121,1.5159894227981567,8718.1,7.22
run2,11700,0,4.577552754640459e-05,5.6223,3.1792,4.9865,0.0855,1.3184473514556885,8753.2,7.12
run2,11750,0,4.5737224299292985e-05,5.6108,3.2988,4.951,0.0974,1.090362548828125,8788.9,6.94
run2,11800,0,4.569876591406239e-05,5.4873,3.2797,4.8314,0.0948,0.7846522927284241,8829.9,7.24
run2,11850,0,4.56601527091357e-05,5.5097,3.1748,4.8747,0.0957,1.3238624334335327,8865.9,7.25
run2,11900,0,4.56213850042177e-05,5.4986,3.0167,4.8953,0.094,1.5096435546875,8904.1,6.95
run2,11950,0,4.558246312029236e-05,5.43,3.28,4.774,0.1094,1.4356727600097656,8942.7,7.02
run2,12000,0,4.5543387379620204e-05,5.5577,3.1955,4.9186,0.0902,1.2555596828460693,8981.3,6.88
run2,12050,0,4.5504158105735654e-05,5.4354,3.0443,4.8265,0.1041,1.4013986587524414,9024.2,7.09
run2,12100,0,4.5464775623444334e-05,5.6047,3.226,4.9595,0.09,1.218306541442871,9060.6,6.84
run2,12150,0,4.5425240258820386e-05,5.5094,3.4363,4.8222,0.1013,1.2407071590423584,9097.6,7.08
run2,12200,0,4.538555233920374e-05,5.7098,3.128,5.0842,0.0912,1.6920289993286133,9132.8,6.75
run2,12250,0,4.534571219319748e-05,5.6237,3.0999,5.0037,0.1002,1.4718708992004395,9170.1,7.27
run2,12300,0,4.530572015066503e-05,5.6618,3.1324,5.0353,0.0969,1.5048646926879883,9207.5,7.15
run2,12350,0,4.526557654272748e-05,5.5538,3.2922,4.8954,0.1003,1.2952698469161987,9247.6,7.15
run2,12400,0,4.522528170176087e-05,5.6379,3.4147,4.955,0.0954,1.3068424463272095,9286.4,6.87
run2,12450,0,4.518483596139334e-05,5.6281,3.1128,5.0056,0.0977,1.4324108362197876,9324.1,6.58
run2,12500,0,4.514423965650247e-05,5.5953,3.2633,4.9426,0.0938,0.892723560333252,9359.8,7.23
run2,12550,0,4.510349312321244e-05,5.5758,3.2069,4.9344,0.097,1.3551530838012695,9395.3,7.3
run2,12600,0,4.506259669889131e-05,5.4122,3.1031,4.7916,0.0957,1.146813988685608,9430.2,6.99
run2,12650,0,4.502155072214812e-05,5.4632,3.3816,4.7869,0.0963,1.1609959602355957,9466.9,7.12
run2,12700,0,4.498035553283025e-05,5.6389,3.2284,4.9932,0.0927,1.2501966953277588,9505.7,7.31
run2,12750,0,4.493901147202042e-05,5.5118,3.1115,4.8895,0.0998,1.4569865465164185,9540.9,6.78
run2,12800,0,4.489751888203402e-05,5.571,3.2606,4.9189,0.0978,1.109474778175354,9577.5,7.34
run2,12850,0,4.4855878106416176e-05,5.505,3.0749,4.89,0.0984,1.5017139911651611,9616.6,7.31
run2,12900,0,4.481408948993898e-05,5.6321,3.2223,4.9877,0.0935,1.2630559206008911,9654.8,7.09
run2,12950,0,4.477215337859855e-05,5.545,3.1635,4.9123,0.0931,1.2120397090911865,9692.8,7.22
run2,13000,0,4.4730070119612245e-05,5.464,3.2337,4.8173,0.0987,1.2540552616119385,9728.3,7.02
run2,13050,0,4.468784006141576e-05,5.5469,3.0569,4.9356,0.0902,1.5402963161468506,9766.3,7.31
run2,13100,0,4.464546355366024e-05,5.644,3.0583,5.0323,0.093,1.6082144975662231,9802.6,7.09
run2,13150,0,4.460294094720937e-05,5.5048,3.2997,4.8449,0.0992,1.322005271911621,9841.9,6.99
run2,13200,0,4.4560272594136486e-05,5.6882,2.9958,5.0891,0.0978,1.6166397333145142,9875.0,6.71
run2,13250,0,4.4517458847721673e-05,5.4793,3.1059,4.8581,0.1128,1.3926993608474731,9913.6,7.17
run2,13300,0,4.447450006244881e-05,5.5672,3.3215,4.9029,0.0924,1.170040488243103,9950.2,7.11
run2,13350,0,4.443139659400266e-05,5.554,3.3195,4.8901,0.1011,0.968625545501709,9994.4,7.25
run2,13400,0,4.438814879926592e-05,5.5636,2.9823,4.9672,0.1097,1.4111851453781128,10034.6,7.02
run2,13450,0,4.4344757036316245e-05,5.505,2.9478,4.9154,0.0956,1.711391806602478,10074.0,7.08
run2,13500,0,4.4301221664423316e-05,5.662,3.3796,4.986,0.0891,1.1760259866714478,10111.6,6.93
run2,13550,0,4.425754304404584e-05,5.6233,3.2014,4.983,0.0953,1.358821153640747,10146.9,6.79
run2,13600,0,4.421372153682859e-05,5.5524,3.4,4.8724,0.0998,1.1433049440383911,10184.9,7.15
run2,13650,0,4.416975750559937e-05,5.5724,3.1909,4.9342,0.0948,7.412374019622803,10223.8,7.23
run2,13700,0,4.412565131436605e-05,5.5707,3.1774,4.9352,0.089,1.5141487121582031,10260.9,7.05
run2,13750,0,4.408140332831354e-05,5.4422,3.3384,4.7745,0.0924,1.0948847532272339,10296.5,7.06
run2,13800,0,4.403701391380077e-05,5.6348,3.2599,4.9828,0.0917,1.356583595275879,10335.3,7.24
run2,13850,0,4.3992483438357646e-05,5.558,3.1859,4.9208,0.0927,1.0528192520141602,10369.4,6.97
run2,13900,0,4.3947812270682e-05,5.6146,3.17,4.9806,0.1053,1.2464675903320312,10406.3,6.54
run2,13950,0,4.3903000780636565e-05,5.501,3.0157,4.8978,0.0993,1.588487148284912,10442.9,7.22
run2,14000,0,4.385804933924591e-05,5.4758,3.1505,4.8457,0.1033,1.3993773460388184,10479.9,7.09
run2,14050,0,4.381295831869333e-05,5.4286,3.2148,4.7856,0.1014,1.425462007522583,10521.9,7.13
run2,14100,0,4.376772809231778e-05,5.4718,3.1053,4.8507,0.1081,1.400059700012207,10559.8,7.25
run2,14150,0,4.372235903461085e-05,5.4311,3.2173,4.7876,0.098,1.1310750246047974,10597.8,6.91
run2,14200,0,4.367685152121355e-05,5.5768,3.2494,4.9269,0.0934,1.5481845140457153,10638.1,7.22
run2,14250,0,4.3631205928913275e-05,5.7189,3.2482,5.0692,0.0928,1.1655093431472778,10674.2,6.88
run2,14300,0,4.3585422635640694e-05,5.565,3.1046,4.9441,0.1047,1.8535181283950806,10714.8,7.22
run2,14350,0,4.3539502020466557e-05,5.5379,2.9917,4.9396,0.1118,1.8217477798461914,10756.0,7.41
run2,14400,0,4.349344446359862e-05,5.5883,3.0704,4.9742,0.0919,1.4707145690917969,10793.6,7.23
run2,14450,0,4.344725034637846e-05,5.6141,3.1983,4.9744,0.101,1.1641767024993896,10829.3,7.03
run2,14500,0,4.3400920051278346e-05,5.5654,3.2117,4.9231,0.0878,1.2309492826461792,10863.5,7.14
run2,14550,0,4.3354453961898026e-05,5.5894,3.3822,4.913,0.0929,1.08357572555542,10901.0,7.2
run2,14600,0,4.33078524629616e-05,5.466,3.1664,4.8327,0.0916,1.2202699184417725,10937.9,7.03
run2,14650,0,4.326111594031432e-05,5.5664,3.3412,4.8982,0.0979,1.1096789836883545,10976.5,7.1
run2,14700,0,4.321424478091938e-05,5.564,3.0753,4.9489,0.0955,1.3076930046081543,11016.8,7.25
run2,14750,0,4.3167239372854724e-05,5.5867,3.198,4.9471,0.0942,1.4525789022445679,11056.7,7.31
run2,14800,0,4.312010010530983e-05,5.4016,3.2224,4.7571,0.101,1.2732094526290894,11094.4,7.33
run2,14850,0,4.3072827368582497e-05,5.4327,3.0629,4.8201,0.1001,1.2808952331542969,11129.6,7.27
run2,14900,0,4.30254215540756e-05,5.6082,3.3151,4.9451,0.0866,1.3005510568618774,11168.4,7.13
run2,14950,0,4.2977883054293844e-05,5.5302,2.977,4.9348,0.0879,1.5227434635162354,11205.9,6.9
run2,15000,0,4.293021226284055e-05,5.4856,3.1071,4.8642,0.0905,1.2706462144851685,11245.4,7.31
run2,15050,0,4.288240957441434e-05,5.4534,3.2552,4.8023,0.1023,1.130213737487793,11279.5,6.58
run2,15100,0,4.2834475384805926e-05,5.6342,3.0018,5.0338,0.0994,1.4031797647476196,11318.1,6.65
run2,15150,0,4.278641009089481e-05,5.6357,3.1946,4.9968,0.0892,1.2718435525894165,11356.1,7.12
run2,15200,0,4.273821409064596e-05,5.5947,3.2686,4.941,0.087,1.2704362869262695,11392.0,7.2
run2,15250,0,4.2689887783106575e-05,5.6364,3.1719,5.002,0.0975,1.477362036705017,11432.1,7.28
run2,15300,0,4.2641431568402767e-05,5.4691,3.16,4.8371,0.0982,1.2997537851333618,11467.7,6.82
run2,15350,0,4.2592845847736215e-05,5.5994,3.498,4.8998,0.0989,1.0133614540100098,11504.7,6.96
run2,15400,0,4.254413102338088e-05,5.5647,3.2761,4.9095,0.0943,0.883099377155304,11540.8,6.99
run2,15450,0,4.2495287498679634e-05,5.5075,3.0385,4.8999,0.0989,1.5443025827407837,11577.9,6.82
run2,15500,0,4.2446315678040985e-05,5.723,3.267,5.0696,0.091,1.2308224439620972,11617.1,6.79
run2,15550,0,4.239721596693567e-05,5.4148,3.0019,4.8144,0.1133,1.5835812091827393,11652.9,6.75
run2,15600,0,4.2347988771893294e-05,5.4974,3.3332,4.8308,0.1001,1.0663591623306274,11687.8,6.71
run2,15650,0,4.229863450049904e-05,5.5066,3.0344,4.8998,0.1115,1.3088366985321045,11723.5,6.77
run2,15700,0,4.224915356139019e-05,5.5325,3.1385,4.9048,0.0993,1.4660838842391968,11758.8,6.93
run2,15750,0,4.219954636425283e-05,5.5744,3.1452,4.9454,0.0974,1.3510371446609497,11794.5,7.11
run2,15800,0,4.21498133198184e-05,5.6752,3.0641,5.0624,0.0882,1.4794875383377075,11834.0,6.69
run2,15850,0,4.2099954839860314e-05,5.4794,3.0558,4.8683,0.1008,1.311862826347351,11873.0,6.9
run2,15900,0,4.204997133719059e-05,5.4918,3.1142,4.8689,0.0965,1.3289077281951904,11912.5,6.9
run2,15950,0,4.199986322565632e-05,5.5205,3.2966,4.8612,0.1,1.468629240989685,11952.5,7.15
run2,16000,0,4.194963092013639e-05,5.571,3.2277,4.9254,0.1023,1.3757132291793823,11991.4,6.97
run2,16050,0,4.1899274836537934e-05,5.4779,3.1794,4.842,0.0942,0.9784339070320129,12038.3,7.25
run2,16100,0,4.1848795391792926e-05,5.457,3.112,4.8346,0.0959,1.1279981136322021,12075.0,6.86
run2,16150,0,4.1798193003854755e-05,5.5776,3.0589,4.9658,0.0903,1.3012410402297974,12115.0,7.12
run2,16200,0,4.174746809169471e-05,5.5063,3.0095,4.9044,0.0996,1.651112675666809,12151.7,7.29
run2,16250,0,4.169662107529856e-05,5.4234,3.1891,4.7856,0.1015,1.3059943914413452,12193.6,7.29
run2,16300,0,4.164565237566305e-05,5.6314,3.2037,4.9907,0.094,1.5352176427841187,12229.0,7.04
run2,16350,0,4.159456241479243e-05,5.5363,3.037,4.9289,0.1014,1.5578839778900146,12266.4,7.17
run2,16400,0,4.154335161569495e-05,5.5247,3.0631,4.9121,0.0905,1.5132403373718262,12306.6,7.2
run2,16450,0,4.149202040237936e-05,5.486,3.0968,4.8666,0.1003,1.4100773334503174,12346.3,7.16
run2,16500,0,4.1440569199851386e-05,5.6086,3.0336,5.0018,0.0968,1.6130549907684326,12380.8,6.77
run2,16550,0,4.138899843411025e-05,5.4873,3.0703,4.8733,0.1027,1.2499140501022339,12418.5,6.84
run2,16600,0,4.1337308532145105e-05,5.5644,3.1259,4.9393,0.1044,1.5694679021835327,12453.5,6.58
run2,16650,0,4.1285499921931524e-05,5.5705,3.2579,4.9189,0.0877,1.143232822418213,12489.1,7.2
run2,16700,0,4.123357303242793e-05,5.3866,3.0056,4.7855,0.106,1.38153874874115,12527.2,7.24
run2,16750,0,4.118152829357207e-05,5.4377,3.2429,4.7891,0.1007,1.0508723258972168,12563.1,7.06
run2,16800,0,4.112936613627745e-05,5.5043,3.2186,4.8606,0.1134,1.2582476139068604,12600.8,7.04
run2,16850,0,4.107708699242974e-05,5.4711,2.9603,4.879,0.1016,1.5458705425262451,12636.7,7.1
run2,16900,0,4.1024691294883254e-05,5.5556,3.0519,4.9452,0.0942,1.4064140319824219,12672.0,6.69
run2,16950,0,4.09721794774573e-05,5.5246,3.1784,4.8889,0.0997,1.3218872547149658,12707.8,6.95
run2,17000,0,4.091955197493264e-05,5.4469,3.2646,4.794,0.102,1.176298975944519,12745.5,7.11
run2,17050,0,4.0866809223047876e-05,5.5849,2.9736,4.9901,0.1056,1.5498279333114624,12780.5,6.84
run2,17100,0,4.081395165849582e-05,5.5417,3.2095,4.8998,0.0986,1.4853180646896362,12820.5,7.14
run2,17150,0,4.0760979718919906e-05,5.6843,3.1799,5.0483,0.0896,1.1871367692947388,12856.1,7.36
run2,17200,0,4.070789384291056e-05,5.4423,3.227,4.7969,0.1003,1.0102537870407104,12895.1,7.15
run2,17250,0,4.065469447000154e-05,5.5387,3.2723,4.8843,0.0854,1.2021682262420654,12933.7,7.06
run2,17300,0,4.0601382040666355e-05,5.4988,3.0591,4.8869,0.0964,1.5625003576278687,12972.2,7.13
run2,17350,0,4.0547956996314554e-05,5.4161,3.4324,4.7296,0.1161,2.256211280822754,13012.1,7.19
run2,17400,0,4.049441977928814e-05,5.4498,3.08,4.8338,0.1076,1.46568763256073,13047.9,7.15
run2,17450,0,4.0440770832857836e-05,5.482,3.1866,4.8447,0.1007,1.3012219667434692,13084.7,7.26
run2,17500,0,4.038701060121944e-05,5.4915,3.1577,4.8599,0.1004,1.2051011323928833,13123.1,7.03
run2,17550,0,4.033313952949019e-05,5.6026,3.0524,4.9922,0.105,1.5755130052566528,13159.2,6.93
run2,17600,0,4.0279158063705034e-05,5.4127,3.0003,4.8126,0.1082,1.631014347076416,13197.1,6.9
run2,17650,0,4.022506665081293e-05,5.6119,2.9459,5.0227,0.0898,1.3312112092971802,13236.1,7.2
run2,17700,0,4.0170865738673164e-05,5.529,3.3071,4.8676,0.1018,1.1594449281692505,13274.1,7.11
run2,17750,0,4.011655577605166e-05,5.381,3.0904,4.7629,0.1067,1.535788655281067,13313.9,7.02
run2,17800,0,4.0062137212617235e-05,5.3795,3.0878,4.7619,0.1106,1.3221004009246826,13352.7,6.87
run2,17850,0,4.0007610498937866e-05,5.5333,3.181,4.8971,0.0945,1.3761835098266602,13391.5,7.12
run2,17900,0,3.9952976086477025e-05,5.4229,3.1312,4.7966,0.1021,1.182204246520996,13427.8,7.02
run2,17950,0,3.989823442758984e-05,5.5265,2.9374,4.939,0.0926,1.5939440727233887,13464.6,6.82
run2,18000,0,3.984338597551944e-05,5.4292,2.9773,4.8337,0.1126,1.5781304836273193,13501.7,7.22
run2,18050,0,3.978843118439316e-05,5.5255,3.0324,4.919,0.0915,1.460984468460083,13542.5,6.99
run2,18100,0,3.973337050921878e-05,5.5588,2.9588,4.9671,0.091,1.370871663093567,13579.7,7.03
run2,18150,0,3.967820440588077e-05,5.3442,3.054,4.7334,0.1129,3.0131683349609375,13621.9,7.19
run2,18200,0,3.962293333113652e-05,5.6063,3.1159,4.9831,0.0989,1.5025367736816406,13656.9,6.79
run2,18250,0,3.956755774261253e-05,5.5475,3.1023,4.927,0.0961,1.3715823888778687,13693.8,7.27
run2,18300,0,3.951207809880065e-05,5.431,3.1379,4.8035,0.1099,1.396116018295288,13729.0,7.21
run2,18350,0,3.945649485905429e-05,5.3805,3.1439,4.7517,0.1241,1.614212989807129,13766.3,7.16
run2,18400,0,3.9400808483584566e-05,5.6189,3.1142,4.9961,0.1011,1.7484171390533447,13803.6,6.87
run2,18450,0,3.9345019433456557e-05,5.4483,3.122,4.8239,0.1003,1.2671418190002441,13840.6,6.91
run2,18500,0,3.928912817058543e-05,5.4203,3.1246,4.7954,0.0966,1.2832294702529907,13878.7,6.8
run2,18550,1,3.923313515773266e-05,5.3442,3.078,4.7286,0.115,1.504669427871704,13919.4,7.26
run2,18600,1,3.9177040858502164e-05,5.4404,3.1177,4.8168,0.1002,1.2741494178771973,13958.0,6.89
run2,18650,1,3.9120845737336485e-05,5.5476,3.1356,4.9205,0.0899,1.1973252296447754,13992.1,7.11
run2,18700,1,3.906455025951294e-05,5.4141,3.0693,4.8003,0.0991,1.465910792350769,14030.5,6.71
run2,18750,1,3.900815489113977e-05,5.4049,3.1419,4.7765,0.0994,1.2409664392471313,14066.4,7.32
run2,18800,1,3.8951660099152246e-05,5.3969,2.9554,4.8059,0.109,1.3645488023757935,14102.2,7.31
run2,18850,1,3.889506635130889e-05,5.401,2.9444,4.8121,0.103,1.6275689601898193,14138.4,7.11
run2,18900,1,3.883837411618749e-05,5.444,3.2005,4.8039,0.0941,1.1843844652175903,14176.4,6.96
run2,18950,1,3.878158386318132e-05,5.4433,3.1985,4.8036,0.0977,1.1871477365493774,14216.8,7.31
run2,19000,1,3.8724696062495176e-05,5.4094,2.9554,4.8184,0.105,1.5449724197387695,14254.0,6.92
run2,19050,1,3.866771118514155e-05,5.3944,3.1479,4.7648,0.1016,1.09865403175354,14292.4,7.15
run2,19100,1,3.8610629702936656e-05,5.4764,3.2165,4.8331,0.0993,1.487470030784607,14324.8,6.54
run2,19150,1,3.8553452088496625e-05,5.4784,3.2407,4.8302,0.0922,1.591473937034607,14363.2,6.82
run2,19200,1,3.8496178815233466e-05,5.4307,3.1391,4.8029,0.0993,1.4526901245117188,14396.5,6.66
run2,19250,1,3.843881035735124e-05,5.3406,3.1905,4.7025,0.1062,1.10210120677948,14432.4,7.24
run2,19300,1,3.838134718984213e-05,5.4334,3.0456,4.8243,0.1157,1.3590561151504517,14471.5,7.23
run2,19350,1,3.832378978848244e-05,5.4099,2.8726,4.8354,0.1103,1.864708423614502,14508.2,7.15
run2,19400,1,3.826613862982875e-05,5.3958,3.1308,4.7696,0.109,1.678166151046753,14544.6,6.88
run2,19450,1,3.820839419121385e-05,5.5095,3.1638,4.8768,0.0974,1.3572078943252563,14583.4,7.19
run2,19500,1,3.815055695074292e-05,5.4336,2.9976,4.834,0.1022,1.459160327911377,14621.3,7.24
run2,19550,1,3.8092627387289493e-05,5.5096,2.9935,4.9109,0.1031,1.4158111810684204,14658.9,7.02
run2,19600,1,3.803460598049149e-05,5.407,3.0814,4.7908,0.111,1.3522148132324219,14694.8,7.2
run2,19650,1,3.7976493210747285e-05,5.4256,3.1198,4.8016,0.0881,1.3380818367004395,14732.8,7.23
run2,19700,1,3.791828955921168e-05,5.4598,3.0409,4.8516,0.0982,1.5955231189727783,14770.4,6.86
run2,19750,1,3.785999550779199e-05,5.4099,2.9942,4.8111,0.1088,1.539770483970642,14807.8,6.92
run2,19800,1,3.780161153914397e-05,5.4576,3.0666,4.8443,0.0964,1.1124389171600342,14845.9,7.11
run2,19850,1,3.77431381366679e-05,5.5432,3.5229,4.8386,0.0981,1.234485387802124,14882.9,7.08
run2,19900,1,3.7684575784504494e-05,5.4157,3.088,4.7981,0.1094,1.5463560819625854,14919.0,6.86
run2,19950,1,3.762592496753099e-05,5.2929,2.9819,4.6965,0.1163,1.370639681816101,14960.6,7.19
run2,20000,1,3.756718617135705e-05,5.5016,3.0303,4.8955,0.0959,1.4604547023773193,14997.0,6.97
run2,20050,1,3.75083598823208e-05,5.5489,3.0141,4.9461,0.0907,1.5906403064727783,15039.9,7.02
run2,20100,1,3.7449446587484766e-05,5.3695,2.9564,4.7782,0.1087,1.3635632991790771,15074.5,6.93
run2,20150,1,3.739044677463185e-05,5.4763,2.8827,4.8998,0.0979,1.1329476833343506,15112.5,7.15
run2,20200,1,3.7331360932261304e-05,5.5334,2.9689,4.9397,0.1033,1.5805782079696655,15154.9,7.23
run2,20250,1,3.727218954958467e-05,5.5496,2.9779,4.954,0.1037,1.6335188150405884,15189.8,6.7
run2,20300,1,3.721293311652175e-05,5.4571,3.2583,4.8054,0.1017,1.1011780500411987,15229.6,7.16
run2,20350,1,3.71535921236965e-05,5.347,3.1143,4.7241,0.1132,1.4523111581802368,15263.3,6.67
run2,20400,1,3.709416706243306e-05,5.4643,2.9166,4.8809,0.1162,1.6362195014953613,15299.1,7.11
run2,20450,1,3.703465842475157e-05,5.4672,3.0549,4.8562,0.103,1.5021921396255493,15336.7,7.41
run2,20500,1,3.6975066703364184e-05,5.392,3.2201,4.748,0.1049,1.1487065553665161,15376.0,7.14
run2,20550,1,3.6915392391670976e-05,5.4466,3.2376,4.799,0.1006,1.1722666025161743,15412.2,7.03
run2,20600,1,3.6855635983755824e-05,5.3181,3.1796,4.6822,0.1084,1.125773549079895,15451.1,7.19
run2,20650,1,3.679579797438233e-05,5.4976,3.1228,4.8731,0.1045,1.3203805685043335,15489.9,6.85
run2,20700,1,3.673587885898973e-05,5.3349,2.8853,4.7578,0.117,1.5031639337539673,15526.0,6.68
run2,20750,1,3.667587913368881e-05,5.4189,3.1798,4.7829,0.1054,1.093086838722229,15564.3,7.2
run2,20800,1,3.661579929525776e-05,5.3937,3.0388,4.786,0.1007,1.4263724088668823,15599.5,7.11
run2,20850,1,3.65556398411381e-05,5.6457,3.2806,4.9896,0.1007,1.5064280033111572,15636.3,6.91
run2,20900,1,3.649540126943052e-05,5.2243,3.0067,4.623,0.1204,1.48885178565979,15673.1,7.07
run2,20950,1,3.643508407889079e-05,5.3869,3.0127,4.7843,0.1074,1.2870184183120728,15707.1,6.86
run2,21000,1,3.6374688768925616e-05,5.3954,3.0264,4.7901,0.1083,1.59678053855896,15744.6,6.99
run2,21050,1,3.631421583958852e-05,5.3675,2.9766,4.7721,0.1037,1.4426213502883911,15785.9,7.12
run2,21100,1,3.625366579157565e-05,5.2784,2.8631,4.7058,0.1195,1.8442444801330566,15823.2,6.99
run2,21150,1,3.619303912622174e-05,5.4172,3.2546,4.7663,0.1032,1.4238600730895996,15862.0,7.22
run2,21200,1,3.613233634549581e-05,5.4227,2.9997,4.8227,0.1113,1.4028810262680054,15896.9,7.07
run2,21250,1,3.607155795199713e-05,5.4006,3.1951,4.7616,0.1046,1.3937488794326782,15933.5,7.25
run2,21300,1,3.601070444895103e-05,5.4807,2.9881,4.8831,0.1031,1.5044139623641968,15968.7,7.02
run2,21350,1,3.594977634020471e-05,5.5383,2.9854,4.9412,0.0914,1.4969431161880493,16006.4,6.92
run2,21400,1,3.588877413022308e-05,5.4382,3.0633,4.8255,0.1005,1.3953464031219482,16044.2,7.17
run2,21450,1,3.582769832408458e-05,5.4924,3.1476,4.8628,0.0912,1.5291146039962769,16084.1,7.0
run2,21500,1,3.576654942747701e-05,5.5116,2.9517,4.9213,0.1051,1.9318485260009766,16119.0,7.12
run2,21550,1,3.570532794669333e-05,5.3651,3.0384,4.7574,0.1074,1.340734839439392,16156.2,7.19
run2,21600,1,3.564403438862748e-05,5.3744,3.1192,4.7505,0.1017,1.3394114971160889,16194.8,7.08
run2,21650,1,3.5582669260770175e-05,5.3474,2.9636,4.7547,0.1049,1.296034812927246,16233.8,7.1
run2,21700,1,3.5521233071204685e-05,5.4149,3.2125,4.7724,0.1073,1.3891191482543945,16272.7,6.93
run2,21750,1,3.5459726328602684e-05,5.3751,3.0157,4.772,0.1037,1.5256474018096924,16307.5,6.77
run2,21800,1,3.539814954221997e-05,5.4582,2.985,4.8612,0.1032,1.5788332223892212,16345.7,7.18
run2,21850,1,3.5336503221892306e-05,5.2862,2.8263,4.7209,0.1294,1.793868899345398,16383.1,6.89
run2,21900,1,3.5274787878031156e-05,5.317,3.2243,4.6722,0.1049,1.203894853591919,16423.7,7.29
run2,21950,1,3.5213004021619466e-05,5.5289,2.8863,4.9517,0.1066,1.4532842636108398,16459.9,7.27
run2,22000,1,3.515115216420748e-05,5.3936,3.0947,4.7746,0.1053,1.29305100440979,16494.5,6.62
run2,22050,1,3.508923281790845e-05,5.4952,3.2211,4.851,0.1012,1.272647738456726,16536.9,6.98
run2,22100,1,3.502724649539438e-05,5.4246,3.0819,4.8082,0.111,1.3942863941192627,16574.2,7.3
run2,22150,1,3.496519370989188e-05,5.3472,3.1302,4.7211,0.1111,1.6127654314041138,16613.9,7.25
run2,22200,1,3.490307497517781e-05,5.5779,2.9013,4.9977,0.1087,1.949292540550232,16651.3,7.19
run2,22250,1,3.484089080557506e-05,5.4315,2.9978,4.832,0.1027,1.5497909784317017,16691.7,7.27
run2,22300,1,3.477864171594833e-05,5.5229,3.0919,4.9045,0.1038,1.5700596570968628,16729.9,7.2
run2,22350,1,3.471632822169982e-05,5.292,2.9443,4.7031,0.119,1.4816229343414307,16766.3,6.88
run2,22400,1,3.4653950838764985e-05,5.4161,3.0261,4.8108,0.1036,1.2664284706115723,16802.8,7.21
run2,22450,1,3.4591510083608254e-05,5.2929,2.9737,4.6981,0.1112,1.649453043937683,16841.4,6.8
run2,22500,1,3.4529006473218745e-05,5.4565,3.0424,4.8481,0.1111,1.6361982822418213,16878.1,7.1
run2,22550,1,3.446644052510602e-05,5.3242,2.9626,4.7317,0.1058,1.3711986541748047,16915.2,7.12
run2,22600,1,3.440381275729578e-05,5.372,2.9779,4.7764,0.1089,1.3592917919158936,16954.0,7.22
run2,22650,1,3.4341123688325534e-05,5.4114,3.1526,4.7809,0.1042,1.4575001001358032,16991.6,7.0
run2,22700,1,3.427837383724039e-05,5.3451,2.927,4.7597,0.1033,1.485754132270813,17026.5,6.68
run2,22750,1,3.421556372358869e-05,5.5637,2.9034,4.983,0.0995,1.4683234691619873,17062.7,6.79
run2,22800,1,3.415269386741772e-05,5.3745,3.1138,4.7518,0.1066,1.2172733545303345,17100.2,7.26
run2,22850,1,3.4089764789269435e-05,5.2336,3.0612,4.6213,0.1126,1.1506468057632446,17135.0,6.87
run2,22900,1,3.4026777010176126e-05,5.4893,2.9553,4.8982,0.1082,1.7378700971603394,17172.8,7.1
run2,22950,1,3.3963731051656094e-05,5.3006,2.9747,4.7057,0.1198,1.5331844091415405,17208.4,7.12
run2,23000,1,3.390062743570936e-05,5.4166,3.1084,4.795,0.096,1.0695102214813232,17244.9,7.22
run2,23050,1,3.383746668481334e-05,5.37,3.1184,4.7463,0.1023,1.0405504703521729,17281.4,7.36
run2,23100,1,3.3774249321918477e-05,5.4117,3.0176,4.8082,0.1041,1.2945798635482788,17317.2,6.67
run2,23150,1,3.371097587044398e-05,5.5423,3.0971,4.9229,0.1093,1.445515513420105,17352.3,6.82
run2,23200,1,3.3647646854273404e-05,5.5009,3.1849,4.8639,0.1115,1.4348094463348389,17390.7,7.07
run2,23250,1,3.358426279775042e-05,5.3405,3.1478,4.7109,0.1054,1.2117232084274292,17427.1,6.6
run2,23300,1,3.3520824225674377e-05,5.4099,3.1088,4.7881,0.1053,1.388146996498108,17459.0,6.6
run2,23350,1,3.3457331663296004e-05,5.3457,3.164,4.7129,0.1085,1.4778070449829102,17495.3,7.22
run2,23400,1,3.339378563631306e-05,5.529,2.8475,4.9595,0.0878,1.5091930627822876,17534.2,6.87
run2,23450,1,3.333018667086596e-05,5.3957,3.0207,4.7916,0.1069,1.513946294784546,17572.5,7.04
run2,23500,1,3.326653529353344e-05,5.4262,2.9743,4.8313,0.0967,1.5319077968597412,17610.6,7.28
run2,23550,1,3.3202832031328185e-05,5.5054,3.0847,4.8885,0.0962,1.6138432025909424,17650.4,7.19
run2,23600,1,3.3139077411692476e-05,5.3359,2.8627,4.7634,0.1124,1.4693491458892822,17689.1,6.94
run2,23650,1,3.307527196249382e-05,5.4376,3.1165,4.8143,0.1077,1.2100669145584106,17727.3,7.23
run2,23700,1,3.301141621202057e-05,5.5554,3.0033,4.9547,0.0936,1.4952356815338135,17766.9,7.26
run2,23750,1,3.294751068897755e-05,5.481,3.0704,4.867,0.105,1.421107292175293,17802.6,6.58
run2,23800,1,3.28835559224817e-05,5.4423,3.1262,4.8171,0.0956,1.0204644203186035,17843.4,6.95
run2,23850,1,3.281955244205767e-05,5.3899,3.0358,4.7827,0.0997,1.2272961139678955,17879.6,6.71
run2,23900,1,3.2755500777633425e-05,5.4994,2.8773,4.924,0.1045,1.5677180290222168,17915.8,7.12
run2,23950,1,3.269140145953594e-05,5.4852,3.04,4.8772,0.0955,1.5479844808578491,17949.9,7.08
run2,24000,1,3.262725501848667e-05,5.4272,3.1393,4.7993,0.0949,1.039817452430725,17986.9,7.12
run2,24050,1,3.2563061985597305e-05,5.3378,2.9971,4.7384,0.0942,1.3948118686676025,18029.5,7.29
run2,24100,1,3.249882289236523e-05,5.2982,2.8686,4.7245,0.1075,1.6127710342407227,18066.9,6.95
run2,24150,1,3.243453827066926e-05,5.4201,3.0344,4.8132,0.1008,1.011264443397522,18108.3,7.24
run2,24200,1,3.237020865276513e-05,5.3329,2.9029,4.7523,0.1044,1.7615268230438232,18146.3,7.2
run2,24250,1,3.230583457128113e-05,5.4671,2.8402,4.8991,0.1029,1.711803674697876,18183.5,7.03
run2,24300,1,3.224141655921371e-05,5.4015,3.1715,4.7672,0.1063,1.1301252841949463,18221.9,7.11
run2,24350,1,3.217695514992305e-05,5.395,2.9107,4.8129,0.1109,1.843555212020874,18260.9,6.94
run2,24400,1,3.2112450877128636e-05,5.3461,3.2264,4.7009,0.1044,1.5004820823669434,18297.7,7.13
run2,24450,1,3.204790427490485e-05,5.3951,3.1751,4.76,0.0952,0.9519134163856506,18337.0,6.57
run2,24500,1,3.198331587767654e-05,5.3765,3.0698,4.7626,0.109,1.5100055932998657,18376.5,6.88
run2,24550,1,3.1918686220214646e-05,5.3086,2.8869,4.7312,0.131,1.6583623886108398,18412.8,6.86
run2,24600,1,3.185401583763167e-05,5.3227,2.9733,4.728,0.1046,1.5839967727661133,18447.7,6.98
run2,24650,1,3.1789305265377345e-05,5.4671,3.1071,4.8457,0.1003,1.1976304054260254,18486.1,7.21
run2,24700,1,3.172455503923414e-05,5.3259,2.8719,4.7516,0.1195,1.834039568901062,18525.4,7.19
run2,24750,1,3.165976569531286e-05,5.4549,3.1441,4.8261,0.0967,1.6343058347702026,18563.0,7.13
run2,24800,1,3.159493777004819e-05,5.3178,2.9826,4.7213,0.1081,1.4727625846862793,18602.4,7.31
run2,24850,1,3.153007180019425e-05,5.3432,2.904,4.7624,0.1086,7.20158052444458,18643.0,7.18
run2,24900,1,3.1465168322820144e-05,5.5199,2.9609,4.9277,0.1074,1.7147643566131592,18677.8,7.02
run2,24950,1,3.140022787530556e-05,5.5314,2.9777,4.9359,0.0989,1.5428905487060547,18717.9,7.12
run2,25000,1,3.1335250995336254e-05,5.3827,3.0421,4.7742,0.1098,1.4194575548171997,18754.3,7.3
run2,25050,1,3.127023822089967e-05,5.4251,3.1419,4.7967,0.1065,1.3777658939361572,18793.5,7.02
run2,25100,1,3.120519009028039e-05,5.4927,2.997,4.8933,0.1008,1.320493459701538,18831.0,7.11
run2,25150,1,3.114010714205578e-05,5.3979,2.9198,4.8139,0.1054,1.73152756690979,18867.6,7.08
run2,25200,1,3.1074989915091475e-05,5.3885,3.1155,4.7654,0.1116,1.3254399299621582,18904.3,7.16
run2,25250,1,3.100983894853691e-05,5.2854,3.0502,4.6754,0.1154,1.2716447114944458,18939.7,6.89
run2,25300,1,3.094465478182089e-05,5.3026,3.1938,4.6638,0.1198,1.5159764289855957,18975.4,7.21
run2,25350,1,3.08794379546471e-05,5.2864,2.9247,4.7014,0.1123,1.3867287635803223,19011.6,7.17
run2,25400,1,3.0814189006989645e-05,5.4771,3.1482,4.8474,0.1092,1.3441755771636963,19045.9,6.91
run2,25450,1,3.074890847908857e-05,5.482,3.0546,4.8711,0.1053,1.7436106204986572,19083.4,7.21
run2,25500,1,3.068359691144541e-05,5.4099,2.9445,4.821,0.0996,1.3397533893585205,19119.7,7.27
run2,25550,1,3.061825484481867e-05,5.3765,2.9027,4.7959,0.1133,1.7447015047073364,19156.1,7.22
run2,25600,1,3.055288282021943e-05,5.3802,2.9655,4.7871,0.1093,1.3849092721939087,19196.7,7.21
run2,25650,1,3.0487481378906735e-05,5.4001,3.0941,4.7813,0.0978,1.1145100593566895,19237.8,7.18
run2,25700,1,3.0422051062383266e-05,5.3677,3.109,4.7459,0.1009,1.011201024055481,19276.0,6.81
run2,25750,1,3.0356592412390735e-05,5.4376,3.0876,4.8201,0.098,1.4299513101577759,19311.8,6.96
run2,25800,1,3.0291105970905453e-05,5.2924,2.8862,4.7151,0.102,1.5874322652816772,19350.0,7.07
run2,25850,1,3.0225592280133862e-05,5.3716,3.0013,4.7714,0.1028,1.3272391557693481,19385.5,6.88
run2,25900,1,3.0160051882507983e-05,5.3112,2.9384,4.7235,0.1023,1.1590020656585693,19424.3,7.17
run2,25950,1,3.0094485320680992e-05,5.3531,2.7824,4.7966,0.0941,1.8105981349945068,19460.3,7.19
run2,26000,1,3.0028893137522667e-05,5.4315,3.0391,4.8236,0.0988,1.6182379722595215,19496.3,7.12
run2,26050,1,2.996327587611495e-05,5.3207,2.953,4.7301,0.0999,1.6095401048660278,19541.4,7.24
run2,26100,1,2.98976340797474e-05,5.3678,2.9613,4.7755,0.0978,1.56094491481781,19580.8,7.09
run2,26150,1,2.9831968291912725e-05,5.3709,3.0897,4.753,0.1078,1.146977186203003,19617.8,6.58
run2,26200,1,2.9766279056302286e-05,5.3662,3.0915,4.7479,0.1131,1.4063925743103027,19654.7,7.31
run2,26250,1,2.9700566916801576e-05,5.4118,2.8582,4.8402,0.1137,1.4475703239440918,19694.4,7.22
run2,26300,1,2.9634832417485708e-05,5.6267,3.0649,5.0138,0.1049,1.588769555091858,19733.0,6.86
run2,26350,1,2.956907610261496e-05,5.3228,2.9829,4.7263,0.119,1.8001433610916138,19771.6,7.31
run2,26400,1,2.9503298516630216e-05,5.4452,3.0533,4.8345,0.1077,1.3961435556411743,19808.3,7.21
run2,26450,1,2.943750020414846e-05,5.343,2.8068,4.7816,0.1058,1.334014654159546,19844.7,7.02
run2,26500,1,2.937168170995833e-05,5.3586,3.1246,4.7337,0.1097,1.4187932014465332,19884.0,6.86
run2,26550,1,2.9305843579015528e-05,5.3077,3.043,4.6991,0.1165,1.7245591878890991,19919.1,6.94
run2,26600,1,2.9239986356438342e-05,5.4034,3.0171,4.7999,0.1071,1.7075172662734985,19957.2,7.12
run2,26650,1,2.9174110587503157e-05,5.3804,3.1034,4.7597,0.0999,1.3319478034973145,19994.6,7.12
run2,26700,1,2.910821681763988e-05,5.4008,3.0737,4.786,0.1087,1.3183190822601318,20031.5,6.72
run2,26750,1,2.9042305592427503e-05,5.4192,2.9927,4.8207,0.1086,1.4844216108322144,20067.4,7.08
run2,26800,1,2.89763774575895e-05,5.4876,2.999,4.8878,0.1054,1.4957854747772217,20103.6,6.74
run2,26850,1,2.891043295898938e-05,5.3437,3.0335,4.7369,0.1103,1.4835292100906372,20142.4,7.28
run2,26900,1,2.884447264262613e-05,5.3052,3.0508,4.6951,0.106,1.3155946731567383,20178.9,7.05
run2,26950,1,2.87784970546297e-05,5.3308,3.1167,4.7075,0.1062,1.4979215860366821,20213.9,6.87
run2,27000,1,2.8712506741256472e-05,5.4014,3.0776,4.7858,0.1085,1.0390331745147705,20250.6,7.04
run2,27050,1,2.864650224888479e-05,5.3072,2.7162,4.764,0.115,1.8757189512252808,20285.8,7.22
run2,27100,1,2.8580484124010355e-05,5.5122,2.9727,4.9177,0.1031,1.6726088523864746,20322.3,6.64
run2,27150,1,2.8514452913241747e-05,5.4602,2.8839,4.8834,0.1052,1.5924803018569946,20359.1,7.05
run2,27200,1,2.8448409163295912e-05,5.3855,3.189,4.7477,0.1048,0.8143994808197021,20397.5,7.03
run2,27250,1,2.8382353420993606e-05,5.5172,3.0684,4.9035,0.1023,1.7410331964492798,20434.7,6.94
run2,27300,1,2.831628623325488e-05,5.4319,3.0624,4.8195,0.1029,1.1999770402908325,20496.2,6.94
run2,27350,1,2.825020814709453e-05,5.351,2.961,4.7588,0.1107,1.6445056200027466,20552.1,7.28
run2,27400,1,2.818411970961762e-05,5.3262,2.9968,4.7268,0.1155,1.4826743602752686,20611.9,7.26
run2,27450,1,2.8118021468014887e-05,5.3217,3.1385,4.694,0.1047,1.2852227687835693,20651.6,7.19
run2,27500,1,2.805191396955828e-05,5.5012,3.2164,4.8579,0.0973,1.3313798904418945,20701.1,6.98
run2,27550,1,2.798579776159635e-05,5.445,2.8538,4.8742,0.1059,1.3755114078521729,20763.2,7.07
run2,27600,1,2.79196733915498e-05,5.4227,3.0813,4.8064,0.1057,1.5111770629882812,20821.7,7.05
run2,27650,1,2.7853541406906875e-05,5.3061,2.9347,4.7191,0.1021,1.3293935060501099,20859.3,7.25
run2,27700,1,2.7787402355218896e-05,5.2701,2.9086,4.6884,0.1064,1.2413029670715332,20898.2,7.36
run2,27750,1,2.7721256784095683e-05,5.4388,3.0341,4.832,0.1004,1.5780365467071533,20935.4,7.19
run2,27800,1,2.765510524120104e-05,5.2723,3.0363,4.6651,0.1051,1.3290733098983765,20970.3,7.07
run2,27850,1,2.7588948274248212e-05,5.3873,3.1648,4.7543,0.1149,1.3412686586380005,21005.3,7.22
run2,27900,1,2.752278643099534e-05,5.4557,3.0147,4.8528,0.1101,1.620326042175293,21043.9,7.23
run2,27950,1,2.7456620259240978e-05,5.4209,2.9681,4.8273,0.1045,1.4529916048049927,21079.3,7.01
run2,28000,1,2.7390450306819472e-05,5.3777,2.8596,4.8058,0.0984,1.454373836517334,21119.4,6.92
run2,28050,1,2.732427712159651e-05,5.369,3.0141,4.7661,0.1036,1.523393154144287,21168.5,7.28
run2,28100,1,2.7258101251464514e-05,5.4387,2.969,4.8449,0.1059,1.7982219457626343,21205.1,7.2
run2,28150,1,2.719192324433816e-05,5.3534,2.8928,4.7748,0.1053,1.5348948240280151,21243.3,7.05
run2,28200,1,2.7125743648149806e-05,5.3874,3.1102,4.7654,0.1052,1.6126490831375122,21282.2,7.21
run2,28250,1,2.7059563010844956e-05,5.3437,3.1141,4.7209,0.1081,1.3435918092727661,21319.6,6.74
run2,28300,1,2.699338188037778e-05,5.4095,3.1049,4.7885,0.0896,1.1732563972473145,21363.5,7.25
run2,28350,1,2.692720080470647e-05,5.2608,2.9269,4.6754,0.1207,1.8137457370758057,21400.7,6.82
run2,28400,1,2.6861020331788806e-05,5.3486,2.7927,4.79,0.1147,1.9519374370574951,21442.1,7.11
run2,28450,1,2.679484100957756e-05,5.4543,3.2074,4.8128,0.1004,1.0014225244522095,21481.0,6.86
run2,28500,1,2.6728663386015997e-05,5.4941,2.9775,4.8986,0.1023,1.5897971391677856,21520.5,6.94
run2,28550,1,2.6662488009033283e-05,5.3921,2.8636,4.8194,0.1145,1.607214093208313,21558.9,6.83
run2,28600,1,2.6596315426539998e-05,5.3942,3.0708,4.78,0.106,1.3761446475982666,21595.6,7.14
run2,28650,1,2.6530146186423605e-05,5.4075,3.0458,4.7984,0.102,1.6558352708816528,21632.6,7.04
run2,28700,1,2.6463980836543865e-05,5.4466,2.9618,4.8542,0.1111,1.5964179039001465,21668.7,7.2
run2,28750,1,2.639781992472836e-05,5.3822,3.0568,4.7708,0.1055,1.416276216506958,21706.5,7.12
run2,28800,1,2.6331663998767884e-05,5.4927,3.1229,4.8681,0.0937,1.414178490638733,21745.2,7.2
run2,28850,1,2.6265513606411978e-05,5.3299,2.5715,4.8156,0.1113,1.7265913486480713,21782.8,7.01
run2,28900,1,2.619936929536438e-05,5.3132,3.0213,4.709,0.1027,0.9930080771446228,21822.7,7.25
run2,28950,1,2.613323161327843e-05,5.3995,3.1764,4.7642,0.1009,1.551692008972168,21862.4,7.26
run2,29000,1,2.606710110775263e-05,5.4633,2.8148,4.9004,0.0977,1.951504111289978,21898.4,6.86
run2,29050,1,2.6000978326326043e-05,5.4409,2.8492,4.871,0.1072,1.837990641593933,21948.7,7.19
run2,29100,1,2.5934863816473764e-05,5.3484,3.0966,4.729,0.1068,1.19138503074646,22007.3,6.97
run2,29150,1,2.5868758125602427e-05,5.3651,3.1339,4.7383,0.0954,1.5592889785766602,22068.2,7.22
run2,29200,1,2.5802661801045634e-05,5.3995,3.1496,4.7696,0.1045,1.2299237251281738,22110.3,7.17
run2,29250,1,2.573657539005946e-05,5.2381,2.9882,4.6405,0.1087,1.6679394245147705,22146.5,6.5
run2,29300,1,2.567049943981785e-05,5.4157,3.0175,4.8123,0.105,1.5277742147445679,22203.3,6.71
run2,29350,1,2.5604434497408187e-05,5.3842,2.9269,4.7988,0.1021,1.6448203325271606,22261.5,7.28
run2,29400,1,2.5538381109826686e-05,5.166,2.8856,4.5889,0.1265,1.8037503957748413,22318.7,6.92
run2,29450,1,2.5472339823973888e-05,5.4102,3.0688,4.7965,0.1015,1.5692126750946045,22358.4,7.2
run2,29500,1,2.5406311186650172e-05,5.243,2.9337,4.6563,0.121,1.5814796686172485,22402.8,6.98
run2,29550,1,2.5340295744551144e-05,5.3588,2.9794,4.763,0.0997,1.4597606658935547,22461.4,6.98
run2,29600,1,2.5274294044263187e-05,5.5075,2.7544,4.9566,0.1054,1.6777229309082031,22524.6,7.1
run2,29650,1,2.5208306632258897e-05,5.2254,2.8556,4.6543,0.1063,1.531385898590088,22568.1,7.22
run2,29700,1,2.5142334054892557e-05,5.2571,3.003,4.6565,0.1124,1.6095595359802246,22602.7,6.89
run2,29750,1,2.5076376858395668e-05,5.4993,2.7988,4.9395,0.118,1.6929928064346313,22639.3,7.12
run2,29800,1,2.5010435588872327e-05,5.2795,2.8662,4.7063,0.1167,1.6985169649124146,22677.1,7.29
run2,29850,1,2.494451079229478e-05,5.3205,3.098,4.7008,0.1182,1.779505729675293,22711.8,6.73
run2,29900,1,2.48786030144989e-05,5.4312,3.0937,4.8125,0.1041,1.3618484735488892,22749.2,7.03
run2,29950,1,2.481271280117963e-05,5.3176,3.1211,4.6934,0.1096,1.2783856391906738,22788.2,7.01
run2,30000,1,2.4746840697886503e-05,5.3626,2.9361,4.7753,0.1006,1.2652041912078857,22823.1,7.09
run2,30050,1,2.4680987250019082e-05,5.3445,2.8932,4.7659,0.097,1.3683300018310547,22867.5,7.05
run2,30100,1,2.461515300282248e-05,5.2946,3.1541,4.6638,0.1098,1.2225979566574097,22906.1,7.11
run2,30150,1,2.4549338501382853e-05,5.4515,3.0244,4.8466,0.1109,1.5686169862747192,22944.4,7.24
run2,30200,1,2.448354429062284e-05,5.3793,3.0397,4.7714,0.1054,1.5851436853408813,22984.6,7.23
run2,30250,1,2.44177709152971e-05,5.3318,2.9911,4.7335,0.112,1.1598427295684814,23025.9,7.33
run2,30300,1,2.435201891998778e-05,5.4387,3.174,4.8038,0.1061,1.2619065046310425,23064.6,7.2
run2,30350,1,2.428628884909998e-05,5.2806,2.8512,4.7104,0.1212,1.6642781496047974,23102.5,6.94
run2,30400,1,2.4220581246857315e-05,5.3996,3.0435,4.7909,0.112,1.6031209230422974,23140.0,7.12
run2,30450,1,2.4154896657297334e-05,5.4835,3.0145,4.8806,0.1051,1.3253114223480225,23177.3,6.95
run2,30500,1,2.4089235624267076e-05,5.5029,3.0525,4.8924,0.1018,1.314374566078186,23215.2,7.31
run2,30550,1,2.402359869141851e-05,5.3933,2.9936,4.7946,0.1002,1.4890551567077637,23249.5,6.49
run2,30600,1,2.3957986402204076e-05,5.5518,3.0264,4.9465,0.0932,1.7208998203277588,23287.8,6.68
run2,30650,1,2.3892399299872197e-05,5.3171,2.9473,4.7276,0.1196,1.6617125272750854,23326.8,6.72
run2,30700,1,2.38268379274627e-05,5.3457,2.999,4.7459,0.0982,1.2063367366790771,23365.6,7.29
run2,30750,1,2.376130282780244e-05,5.3487,3.1178,4.7251,0.1062,1.0969685316085815,23400.2,6.82
run2,30800,1,2.369579454350071e-05,5.2229,2.7724,4.6684,0.1099,1.437950849533081,23437.5,6.85
run2,30850,1,2.3630313616944764e-05,5.3828,2.9758,4.7877,0.1067,1.3263214826583862,23476.3,7.22
run2,30900,1,2.3564860590295383e-05,5.2436,3.1303,4.6176,0.1089,1.1979963779449463,23515.5,7.1
run2,30950,1,2.349943600548231e-05,5.4284,2.963,4.8358,0.0987,1.3170007467269897,23554.4,7.02
run2,31000,1,2.343404040419983e-05,5.2619,3.1336,4.6352,0.1086,1.1298218965530396,23593.1,7.15
run2,31050,1,2.3368674327902233e-05,5.3565,3.2662,4.7032,0.1018,1.2758662700653076,23630.4,6.99
run2,31100,1,2.3303338317799343e-05,5.4136,3.1468,4.7842,0.1051,1.5555728673934937,23668.9,7.09
run2,31150,1,2.3238032914852074e-05,5.3108,3.044,4.702,0.1192,1.8061095476150513,23702.1,6.79
run2,31200,1,2.31727586597679e-05,5.3808,3.0909,4.7627,0.1,1.1683720350265503,23739.3,7.1
run2,31250,1,2.3107516092996424e-05,5.4149,2.9362,4.8277,0.1064,1.3225914239883423,23775.8,7.17
run2,31300,1,2.304230575472485e-05,5.4241,2.8416,4.8558,0.108,1.5398119688034058,23811.2,6.88
run2,31350,1,2.2977128184873554e-05,5.383,3.1025,4.7625,0.1064,1.2532949447631836,23848.2,7.17
run2,31400,1,2.2911983923091617e-05,5.5989,2.9608,5.0067,0.1005,1.6253385543823242,23884.3,6.87
run2,31450,1,2.2846873508752307e-05,5.3722,2.9784,4.7765,0.1002,1.46426260471344,23922.2,7.25
run2,31500,1,2.2781797480948676e-05,5.3873,3.0172,4.7839,0.1044,1.3066078424453735,23957.6,7.12
run2,31550,1,2.2716756378489058e-05,5.4026,3.0745,4.7877,0.1072,1.241463541984558,23996.6,6.94
run2,31600,1,2.2651750739892596e-05,5.368,3.097,4.7486,0.1093,1.270643949508667,24031.9,7.1
run2,31650,1,2.2586781103384837e-05,5.3474,2.9127,4.7649,0.1022,1.2050436735153198,24071.0,7.08
run2,31700,1,2.2521848006893215e-05,5.2811,3.0727,4.6666,0.1129,1.379740595817566,24109.7,7.03
run2,31750,1,2.245695198804265e-05,5.4027,3.0366,4.7954,0.0924,1.400667667388916,24147.0,6.84
run2,31800,1,2.2392093584151047e-05,5.4564,2.8402,4.8884,0.1023,1.6598988771438599,24184.4,7.32
run2,31850,1,2.2327273332224877e-05,5.3391,3.2339,4.6923,0.1161,1.1562503576278687,24222.8,7.24
run2,31900,1,2.2262491768954742e-05,5.3274,3.0155,4.7243,0.1137,1.3947131633758545,24259.2,7.21
run2,31950,1,2.219774943071089e-05,5.3348,3.1295,4.7089,0.1178,1.5807623863220215,24296.8,7.26
run2,32000,1,2.2133046853538823e-05,5.3397,2.7545,4.7888,0.0968,1.67967689037323,24333.2,7.21
run2,32050,1,2.2068384573154815e-05,5.366,3.0017,4.7656,0.1025,1.5408265590667725,24374.0,7.18
run2,32100,1,2.2003763124941493e-05,5.4137,2.7989,4.854,0.1112,1.4499220848083496,24413.7,7.13
run2,32150,1,2.193918304394344e-05,5.2735,2.7979,4.7139,0.1049,1.4349170923233032,24450.8,7.06
run2,32200,1,2.1874644864862685e-05,5.475,2.9686,4.8813,0.1033,1.5600731372833252,24489.8,7.16
run2,32250,1,2.181014912205436e-05,5.2377,2.8715,4.6634,0.1239,1.7344127893447876,24527.9,7.06
run2,32300,1,2.174569634952223e-05,5.4383,3.1292,4.8125,0.1018,1.7113168239593506,24563.7,6.98
run2,32350,1,2.1681287080914252e-05,5.3476,3.0376,4.7401,0.0979,1.1417779922485352,24602.7,7.17
run2,32400,1,2.161692184951823e-05,5.3685,2.8741,4.7937,0.1089,1.655226469039917,24636.0,6.58
run2,32450,1,2.1552601188257315e-05,5.3208,3.0212,4.7166,0.1059,1.0357928276062012,24676.4,7.04
run2,32500,1,2.1488325629685666e-05,5.4548,3.2001,4.8148,0.1021,1.4274722337722778,24710.1,7.23
run2,32550,1,2.142409570598398e-05,5.3006,2.9227,4.716,0.1104,1.4198002815246582,24748.0,7.06
run2,32600,1,2.135991194895511e-05,5.3801,2.9016,4.7998,0.1057,1.488199234008789,24783.7,7.1
run2,32650,1,2.12957748900197e-05,5.42,2.9025,4.8395,0.1072,1.3910118341445923,24822.1,6.89
run2,32700,1,2.1231685060211697e-05,5.3592,2.9613,4.767,0.1118,1.4474549293518066,24858.4,7.12
run2,32750,1,2.1167642990174057e-05,5.4305,2.8835,4.8538,0.1148,1.380609393119812,24892.8,6.58
run2,32800,1,2.1103649210154264e-05,5.3676,3.0245,4.7627,0.1208,1.4734370708465576,24930.1,7.16
run2,32850,1,2.103970424999998e-05,5.4093,2.9701,4.8153,0.1044,1.2515958547592163,24967.5,6.72
run2,32900,1,2.0975808639154686e-05,5.481,3.0883,4.8633,0.1036,1.5637805461883545,25007.8,7.31
run2,32950,1,2.0911962906653223e-05,5.5512,3.0012,4.951,0.096,1.486336588859558,25044.9,7.26
run2,33000,1,2.0848167581117502e-05,5.4511,3.0187,4.8474,0.1019,1.2598676681518555,25081.9,7.16
run2,33050,1,2.078442319075203e-05,5.3206,2.9317,4.7343,0.111,1.7589777708053589,25119.0,7.01
run2,33100,1,2.072073026333962e-05,5.3297,2.8272,4.7643,0.1316,1.7502487897872925,25153.5,7.04
run2,33150,1,2.0657089326237e-05,5.2991,3.0066,4.6978,0.1214,1.6333421468734741,25192.3,7.09
run2,33200,1,2.0593500906370385e-05,5.4824,2.9986,4.8827,0.1016,1.423976182937622,25228.4,6.9
run2,33250,1,2.052996553023123e-05,5.3687,2.9843,4.7719,0.1038,1.470919132232666,25267.9,7.06
run2,33300,1,2.0466483723871746e-05,5.3866,2.9331,4.7999,0.1194,1.571485996246338,25305.6,7.22
run2,33350,1,2.0403056012900635e-05,5.2722,2.935,4.6852,0.1253,1.4218169450759888,25342.9,7.26
run2,33400,1,2.033968292247871e-05,5.5114,3.0939,4.8926,0.0977,1.196564793586731,25378.6,7.18
run2,33450,1,2.027636497731452e-05,5.2992,2.8929,4.7206,0.1042,1.5778875350952148,25416.1,7.15
run2,33500,1,2.0213102701660054e-05,5.2827,2.9611,4.6905,0.1127,1.4183762073516846,25450.4,6.57
run2,33550,1,2.0149896619306365e-05,5.4332,3.0401,4.8252,0.1003,1.6450905799865723,25487.6,6.74
run2,33600,1,2.0086747253579232e-05,5.4309,2.8368,4.8635,0.1147,1.870453953742981,25524.7,7.11
run2,33650,1,2.002365512733487e-05,5.3635,3.0944,4.7446,0.1055,1.2183263301849365,25567.0,7.25
run2,33700,1,1.996062076295553e-05,5.254,3.0123,4.6515,0.1144,1.4641493558883667,25604.1,7.11
run2,33750,1,1.9897644682345254e-05,5.2709,3.1831,4.6343,0.1025,1.1141197681427002,25641.5,6.83
run2,33800,1,1.983472740692548e-05,5.3921,2.9828,4.7956,0.1042,1.4694780111312866,25679.3,7.33
run2,33850,1,1.977186945763077e-05,5.4423,2.9777,4.8468,0.1036,1.1019190549850464,25716.9,6.88
run2,33900,1,1.9709071354904502e-05,5.2713,3.037,4.6639,0.1115,1.6786783933639526,25758.8,6.95
run2,33950,1,1.964633361869451e-05,5.389,2.963,4.7965,0.1052,1.5807840824127197,25797.4,7.32
run2,34000,1,1.958365676844884e-05,5.2689,2.8723,4.6945,0.1069,1.581162929534912,25836.9,6.79
run2,34050,1,1.9521041323111418e-05,5.2857,3.2379,4.6381,0.1197,1.420750617980957,25878.1,6.79
run2,34100,1,1.9458487801117735e-05,5.3626,2.8602,4.7906,0.1047,1.4577624797821045,25912.3,6.81
run2,34150,1,1.9395996720390613e-05,5.3611,2.9831,4.7645,0.1058,1.4693603515625,25949.0,7.07
run2,34200,1,1.9333568598335854e-05,5.4113,2.895,4.8323,0.1046,1.6462539434432983,25987.4,7.2
run2,34250,1,1.9271203951838e-05,5.3434,2.8668,4.77,0.0955,1.5617716312408447,26027.3,7.1
run2,34300,1,1.920890329725602e-05,5.4404,3.0865,4.8231,0.1001,1.3878737688064575,26066.4,7.21
run2,34350,1,1.9146667150419045e-05,5.386,2.8186,4.8222,0.1041,1.7608624696731567,26100.6,7.12
run2,34400,1,1.9084496026622133e-05,5.4482,2.9896,4.8503,0.1008,1.5611801147460938,26138.5,7.23
run2,34450,1,1.9022390440621947e-05,5.3727,3.0821,4.7563,0.1041,1.4197102785110474,26176.6,7.11
run2,34500,1,1.8960350906632536e-05,5.3785,3.1166,4.7552,0.0971,1.290437936782837,26215.9,7.3
run2,34550,1,1.8898377938321038e-05,5.1613,2.8591,4.5894,0.1175,1.7687499523162842,26250.8,6.71
run2,34600,1,1.8836472048803462e-05,5.3387,3.1223,4.7143,0.1135,1.3126630783081055,26288.3,7.13
run2,34650,1,1.8774633750640437e-05,5.2556,2.9059,4.6744,0.1067,1.4842044115066528,26327.7,7.09
run2,34700,1,1.871286355583293e-05,5.3975,3.0193,4.7936,0.1122,1.3658231496810913,26364.8,6.95
run2,34750,1,1.8651161975818064e-05,5.3965,2.8524,4.826,0.103,1.5938206911087036,26401.9,7.17
run2,34800,1,1.8589529521464838e-05,5.2485,2.7612,4.6963,0.1041,1.9164427518844604,26437.3,6.88
run2,34850,1,1.8527966703069903e-05,5.3507,3.0407,4.7426,0.1063,1.2439916133880615,26474.1,7.11
run2,34900,1,1.8466474030353374e-05,5.344,3.1397,4.7161,0.1128,1.3378199338912964,26511.2,7.03
run2,34950,1,1.8405052012454552e-05,5.3993,2.7242,4.8545,0.1045,1.6672967672348022,26545.2,7.03
run2,35000,1,1.8343701157927776e-05,5.3413,3.0384,4.7336,0.101,1.2311147451400757,26581.6,6.81
run2,35050,1,1.828242197473814e-05,5.325,2.949,4.7352,0.1118,1.4168524742126465,26619.8,6.82
run2,35100,1,1.8221214970257335e-05,5.4243,2.9874,4.8268,0.0996,1.3821632862091064,26657.1,7.15
run2,35150,1,1.816008065125945e-05,5.4335,2.9109,4.8513,0.0984,1.5529017448425293,26692.7,7.18
run2,35200,1,1.8099019523916735e-05,5.2501,2.9283,4.6645,0.1161,1.41046142578125,26729.9,6.76
run2,35250,1,1.8038032093795458e-05,5.3036,2.827,4.7382,0.1024,1.423291802406311,26764.7,7.09
run2,35300,1,1.7977118865851706e-05,5.4082,2.6941,4.8694,0.114,1.8836714029312134,26802.9,7.15
run2,35350,1,1.7916280344427156e-05,5.2545,3.0388,4.6467,0.1111,1.4855154752731323,26840.0,6.82
run2,35400,1,1.785551703324498e-05,5.2778,2.9295,4.6919,0.1073,1.2955180406570435,26878.6,6.92
run2,35450,1,1.7794829435405608e-05,5.3582,2.9383,4.7705,0.109,1.4056164026260376,26915.2,7.02
run2,35500,1,1.7734218053382615e-05,5.3271,2.9945,4.7282,0.1057,1.1366771459579468,26954.4,6.94
run2,35550,1,1.7673683389018512e-05,5.3914,2.9936,4.7927,0.1081,1.4555476903915405,26990.5,7.19
run2,35600,1,1.7613225943520606e-05,5.3893,3.0115,4.787,0.1046,1.4386721849441528,27029.5,7.23
run2,35650,1,1.755284621745688e-05,5.3937,2.9903,4.7956,0.0992,1.6036721467971802,27067.2,7.05
run2,35700,1,1.7492544710751813e-05,5.408,3.0157,4.8049,0.1005,1.4902359247207642,27105.2,7.05
run2,35750,1,1.743232192268226e-05,5.3903,2.9191,4.8065,0.1032,1.7940500974655151,27146.2,7.27
run2,35800,1,1.73721783518733e-05,5.3689,2.904,4.7881,0.1084,1.416085958480835,27184.7,7.13
run2,35850,1,1.7312114496294125e-05,5.3324,2.8756,4.7573,0.112,1.6329156160354614,27221.2,6.68
run2,35900,1,1.7252130853253912e-05,5.3582,2.8869,4.7808,0.1041,1.6311181783676147,27254.9,7.04
run2,35950,1,1.7192227919397694e-05,5.2461,3.1395,4.6182,0.1155,1.1939363479614258,27290.5,7.19
run2,36000,1,1.7132406190702294e-05,5.2784,2.9316,4.6921,0.1113,1.6143889427185059,27326.3,6.95
run2,36050,1,1.707266616247213e-05,5.5711,3.0473,4.9616,0.0968,1.5598373413085938,27367.6,6.92
run2,36100,1,1.7013008329335195e-05,5.5718,3.2216,4.9274,0.0972,1.1546367406845093,27405.8,7.27
run2,36150,1,1.6953433185238956e-05,5.4345,3.0586,4.8228,0.0945,1.127608060836792,27443.0,7.06
run2,36200,1,1.6893941223446177e-05,5.3263,2.8917,4.748,0.1064,1.2414073944091797,27481.1,7.09
run2,36250,1,1.683453293653097e-05,5.3369,2.7852,4.7798,0.117,1.935368299484253,27519.1,7.12
run2,36300,1,1.677520881637462e-05,5.134,2.8423,4.5655,0.1123,1.3620613813400269,27557.9,7.22
run2,36350,1,1.67159693541615e-05,5.2919,2.8466,4.7225,0.1068,1.5134800672531128,27598.9,7.2
run2,36400,1,1.665681504037511e-05,5.3445,2.8508,4.7743,0.1093,1.6650466918945312,27635.7,6.92
run2,36450,1,1.65977463647939e-05,5.2424,2.9249,4.6574,0.118,1.4690113067626953,27674.1,7.25
run2,36500,1,1.6538763816487286e-05,5.3747,3.0866,4.7574,0.1041,1.22463858127594,27710.2,7.29
run2,36550,1,1.647986788381158e-05,5.4195,2.8803,4.8435,0.0991,1.560920238494873,27747.1,7.02
run2,36600,1,1.64210590544059e-05,5.2735,2.7575,4.722,0.1111,1.491737961769104,27789.8,7.14
run2,36650,1,1.6362337815188258e-05,5.4271,3.1522,4.7967,0.1047,1.2810101509094238,27826.5,7.17
run2,36700,1,1.630370465235138e-05,5.428,3.0815,4.8117,0.0944,1.2439466714859009,27861.2,6.56
run2,36750,1,1.6245160051358774e-05,5.4031,3.0976,4.7836,0.11,1.606065034866333,27897.1,6.76
run2,36800,1,1.6186704496940684e-05,5.3798,2.7628,4.8272,0.0983,1.8209518194198608,27933.4,6.69
run2,36850,1,1.6128338473090083e-05,5.4689,2.9883,4.8713,0.1056,1.426507830619812,27969.5,6.83
run2,36900,1,1.6070062463058638e-05,5.5574,3.2284,4.9117,0.102,1.614129662513733,28008.5,7.27
run2,36950,1,1.6011876949352758e-05,5.4202,2.9903,4.8221,0.1064,1.254668951034546,28045.2,7.15
run2,37000,1,1.595378241372955e-05,5.4279,3.0221,4.8235,0.1028,1.711314082145691,28082.7,7.24
run2,37050,1,1.5895779337192873e-05,5.4939,2.8039,4.9331,0.0955,1.4032105207443237,28118.2,7.11
run2,37100,2,1.5837868199989312e-05,5.2766,2.9598,4.6846,0.1133,1.3513022661209106,28155.4,6.6
run2,37150,2,1.5780049481604244e-05,5.2741,2.9008,4.6939,0.1177,1.3499255180358887,28194.0,6.77
run2,37200,2,1.5722323660757822e-05,5.3046,3.0568,4.6933,0.1054,1.2149258852005005,28232.2,6.85
run2,37250,2,1.5664691215401086e-05,5.2284,3.0305,4.6223,0.1096,1.610751748085022,28270.1,6.9
run2,37300,2,1.5607152622711908e-05,5.2616,3.032,4.6552,0.1094,1.1561191082000732,28310.5,7.17
run2,37350,2,1.5549708359091097e-05,5.2145,2.8451,4.6455,0.1113,1.337448239326477,28347.9,7.17
run2,37400,2,1.5492358900158487e-05,5.351,3.0588,4.7392,0.11,1.5176212787628174,28388.3,7.16
run2,37450,2,1.543510472074891e-05,5.3222,2.9812,4.726,0.1047,1.2697103023529053,28424.7,7.11
run2,37500,2,1.537794629490835e-05,5.2657,2.7849,4.7087,0.1172,1.6946892738342285,28464.0,7.24
run2,37550,2,1.5320884095889975e-05,5.3803,2.7796,4.8244,0.1005,1.793578028678894,28498.9,6.84
run2,37600,2,1.52639185961502e-05,5.2934,2.9198,4.7094,0.1155,1.5062745809555054,28538.2,7.23
run2,37650,2,1.5207050267344847e-05,5.229,3.0892,4.6112,0.1078,1.2783030271530151,28574.6,6.81
run2,37700,2,1.5150279580325154e-05,5.3201,2.852,4.7497,0.1211,1.673385500907898,28613.3,7.1
run2,37750,2,1.5093607005133944e-05,5.2452,2.9534,4.6545,0.1126,1.6523977518081665,28648.9,6.65
run2,37800,2,1.5037033011001696e-05,5.3199,3.0295,4.714,0.1076,1.3616753816604614,28687.8,7.06
run2,37850,2,1.4980558066342648e-05,5.1496,2.8002,4.5896,0.1065,1.38010573387146,28724.6,7.22
run2,37900,2,1.4924182638750984e-05,5.2076,3.0363,4.6003,0.1213,1.5076419115066528,28760.3,6.88
run2,37950,2,1.486790719499689e-05,5.3302,3.1551,4.6992,0.1006,1.1796610355377197,28800.0,7.13
run2,38000,2,1.4811732201022721e-05,5.2991,2.9527,4.7085,0.1193,1.7188109159469604,28841.2,7.24
run2,38050,2,1.4755658121939148e-05,5.3162,2.979,4.7204,0.1032,1.336546778678894,28885.0,7.36
run2,38100,2,1.4699685422021294e-05,5.3898,3.1215,4.7655,0.1052,1.4931374788284302,28921.9,6.79
run2,38150,2,1.4643814564704903e-05,5.2785,2.9434,4.6898,0.1073,1.209836721420288,28958.5,6.96
run2,38200,2,1.4588046012582485e-05,5.2598,2.9901,4.6617,0.1086,1.3229707479476929,28994.7,7.18
run2,38250,2,1.4532380227399497e-05,5.1074,2.8978,4.5278,0.1246,1.727328896522522,29033.4,7.03
run2,38300,2,1.4476817670050536e-05,5.4746,3.118,4.851,0.1065,1.2433761358261108,29070.2,6.88
run2,38350,2,1.442135880057548e-05,5.34,3.1299,4.714,0.1121,1.3237155675888062,29105.1,7.21
run2,38400,2,1.4366004078155725e-05,5.2803,2.9592,4.6884,0.1105,1.6769276857376099,29140.7,7.04
run2,38450,2,1.4310753961110352e-05,5.1845,3.0001,4.5845,0.1128,1.2575711011886597,29179.4,7.27
run2,38500,2,1.4255608906892366e-05,5.4662,2.7373,4.9187,0.1118,2.1188478469848633,29220.6,7.21
run2,38550,2,1.420056937208485e-05,5.2381,3.0361,4.6309,0.1075,1.4021910429000854,29256.1,7.13
run2,38600,2,1.4145635812397234e-05,5.1687,2.68,4.6327,0.1341,1.7929630279541016,29292.6,6.88
run2,38650,2,1.4090808682661538e-05,5.4857,3.104,4.865,0.108,1.2655233144760132,29331.3,7.28
run2,38700,2,1.4036088436828526e-05,5.3024,2.9291,4.7165,0.1247,2.002715826034546,29368.2,7.06
run2,38750,2,1.3981475527964044e-05,5.2651,3.0631,4.6525,0.108,1.014617919921875,29404.7,7.13
run2,38800,2,1.3926970408245202e-05,5.2817,3.0488,4.6719,0.1137,1.381885051727295,29444.7,7.26
run2,38850,2,1.3872573528956632e-05,5.3347,2.9583,4.743,0.0986,1.6112229824066162,29483.5,7.09
run2,38900,2,1.381828534048682e-05,5.1894,2.8068,4.6281,0.1253,1.9930051565170288,29520.3,7.33
run2,38950,2,1.376410629232427e-05,5.2525,2.9874,4.6551,0.1137,1.48483145236969,29558.3,7.12
run2,39000,2,1.3710036833053882e-05,5.3364,3.0026,4.7358,0.1055,1.4858946800231934,29596.1,7.16
run2,39050,2,1.365607741035319e-05,5.1787,2.6885,4.641,0.1388,1.8346132040023804,29633.0,7.03
run2,39100,2,1.3602228470988626e-05,5.3168,2.795,4.7578,0.1102,1.6045283079147339,29672.3,7.31
run2,39150,2,1.3548490460811905e-05,5.3911,3.0174,4.7876,0.1072,1.4946931600570679,29710.7,6.9
run2,39200,2,1.3494863824756258e-05,5.2436,3.0035,4.6429,0.105,0.9711747765541077,29747.8,7.12
run2,39250,2,1.3441349006832773e-05,5.4715,3.0369,4.8641,0.1014,1.553067684173584,29784.8,6.65
run2,39300,2,1.3387946450126732e-05,5.2032,2.9092,4.6214,0.1174,1.6483585834503174,29822.6,6.78
run2,39350,2,1.3334656596793913e-05,5.3236,2.9922,4.7252,0.0988,1.5808814764022827,29857.7,7.1
run2,39400,2,1.328147988805697e-05,5.3896,3.0705,4.7755,0.1064,1.5686697959899902,29895.2,7.19
run2,39450,2,1.3228416764201737e-05,5.3223,2.8642,4.7495,0.1051,1.2926982641220093,29933.7,7.25
run2,39500,2,1.3175467664573613e-05,5.361,2.9597,4.7691,0.1242,2.182142496109009,29967.1,7.29
run2,39550,2,1.3122633027573908e-05,5.2418,2.9389,4.6541,0.1169,1.631568193435669,30003.5,7.04
run2,39600,2,1.3069913290656224e-05,5.2078,3.2218,4.5634,0.1151,1.3401180505752563,30043.4,6.57
run2,39650,2,1.3017308890322821e-05,5.2583,2.8618,4.6859,0.1045,1.6939805746078491,30079.9,7.0
run2,39700,2,1.2964820262121008e-05,5.3328,3.1219,4.7084,0.1058,1.1230895519256592,30116.1,6.81
run2,39750,2,1.2912447840639567e-05,5.2652,2.839,4.6974,0.1051,1.7203408479690552,30154.5,7.07
run2,39800,2,1.2860192059505077e-05,5.1605,2.8179,4.5969,0.1188,1.982467532157898,30191.8,7.25
run2,39850,2,1.2808053351378401e-05,5.309,3.0804,4.693,0.1068,1.4476048946380615,30229.1,7.1
run2,39900,2,1.2756032147951095e-05,5.2358,2.9979,4.6363,0.1123,1.4093399047851562,30266.5,7.05
run2,39950,2,1.2704128879941762e-05,5.2885,2.7531,4.7379,0.1137,1.6053050756454468,30303.9,7.15
run2,40000,2,1.2652343977092593e-05,5.2466,3.01,4.6446,0.1156,1.682741641998291,30340.3,7.24
run2,40050,2,1.2600677868165731e-05,5.4037,2.8263,4.8384,0.113,1.5721405744552612,30382.2,7.08
run2,40100,2,1.2549130980939717e-05,5.1664,2.9234,4.5817,0.1161,1.426066279411316,30417.8,6.94
run2,40150,2,1.2497703742206032e-05,5.2624,2.9354,4.6753,0.1146,1.635852575302124,30455.6,7.09
run2,40200,2,1.2446396577765443e-05,5.4172,3.0682,4.8036,0.1068,1.5405339002609253,30494.8,7.31
run2,40250,2,1.23952099124246e-05,5.0469,2.7182,4.5033,0.1349,1.9837539196014404,30531.9,6.75
run2,40300,2,1.2344144169992431e-05,5.3201,2.9513,4.7299,0.1048,1.5441176891326904,30567.6,7.06
run2,40350,2,1.2293199773276637e-05,5.4755,3.2548,4.8245,0.0938,1.1363621950149536,30605.4,7.22
run2,40400,2,1.2242377144080269e-05,5.437,2.99,4.839,0.1151,1.5796922445297241,30644.8,7.17
run2,40450,2,1.2191676703198152e-05,5.3129,2.8107,4.7508,0.1018,1.7296087741851807,30680.4,6.99
run2,40500,2,1.2141098870413434e-05,5.5018,3.0428,4.8933,0.0966,1.0133118629455566,30717.8,6.9
run2,40550,2,1.2090644064494103e-05,5.282,2.9499,4.692,0.1062,1.3792734146118164,30758.8,7.13
run2,40600,2,1.2040312703189534e-05,5.2963,3.02,4.6923,0.1197,1.5617858171463013,30796.5,7.1
run2,40650,2,1.1990105203227024e-05,5.1269,2.9664,4.5336,0.128,1.5321309566497803,30832.7,7.13
run2,40700,2,1.1940021980308325e-05,5.4915,3.0273,4.8861,0.1052,1.1913872957229614,30870.6,6.95
run2,40750,2,1.1890063449106225e-05,5.1837,2.8635,4.611,0.1197,1.783240556716919,30907.3,7.31
run2,40800,2,1.1840230023261103e-05,5.313,2.932,4.7266,0.1047,1.266279697418213,30945.1,7.12
run2,40850,2,1.1790522115377509e-05,5.3369,3.144,4.7081,0.1048,0.9665853977203369,30983.3,7.15
run2,40900,2,1.1740940137020734e-05,5.3645,2.9508,4.7743,0.1096,1.9181745052337646,31020.9,6.93
run2,40950,2,1.1691484498713425e-05,5.3813,3.0158,4.7781,0.1035,1.5096615552902222,31060.3,7.1
run2,41000,2,1.1642155609932186e-05,5.3884,3.0139,4.7856,0.0998,1.4243508577346802,31097.0,7.22
run2,41050,2,1.1592953879104146e-05,5.3179,2.8993,4.738,0.1168,1.5050164461135864,31136.1,7.21
run2,41100,2,1.1543879713603614e-05,5.346,3.0227,4.7415,0.1043,1.5353111028671265,31175.4,7.15
run2,41150,2,1.1494933519748743e-05,5.2276,2.9707,4.6334,0.1101,1.309980869293213,31214.6,7.17
run2,41200,2,1.1446115702798046e-05,5.1712,2.9781,4.5756,0.1257,1.7302448749542236,31252.1,7.26
run2,41250,2,1.13974266669472e-05,5.3209,2.8819,4.7446,0.1011,1.386083960533142,31295.0,7.14
run2,41300,2,1.1348866815325542e-05,5.2829,2.9894,4.685,0.112,1.325049638748169,31331.6,6.55
run2,41350,2,1.130043654999285e-05,5.3438,3.031,4.7376,0.1118,1.5754282474517822,31368.2,7.24
run2,41400,2,1.1252136271935972e-05,5.4074,3.0247,4.8024,0.1079,1.22213876247406,31406.3,7.22
run2,41450,2,1.120396638106547e-05,5.3492,3.1389,4.7214,0.1055,1.122840166091919,31444.9,7.22
run2,41500,2,1.1155927276212377e-05,5.2077,3.0039,4.6069,0.1209,1.313277006149292,31485.3,7.17
run2,41550,2,1.110801935512485e-05,5.3929,2.9304,4.8068,0.0956,1.8488858938217163,31520.0,6.79
run2,41600,2,1.1060243014464864e-05,5.3069,2.7918,4.7486,0.1111,1.3790960311889648,31552.5,7.27
run2,41650,2,1.1012598649804986e-05,5.1721,2.8168,4.6087,0.1171,1.4502848386764526,31591.7,7.03
run2,41700,2,1.0965086655625047e-05,5.4496,2.9793,4.8537,0.1074,1.1978137493133545,31629.3,7.14
run2,41750,2,1.0917707425308893e-05,5.2638,2.9402,4.6758,0.1269,1.5837270021438599,31666.5,7.32
run2,41800,2,1.0870461351141137e-05,5.1788,3.0034,4.5781,0.1072,1.4888768196105957,31705.5,7.17
run2,41850,2,1.0823348824303887e-05,5.2276,2.8732,4.653,0.1106,1.866112470626831,31744.2,7.16
run2,41900,2,1.077637023487354e-05,5.249,3.0055,4.6479,0.106,1.2114595174789429,31780.6,6.98
run2,41950,2,1.0729525971817522e-05,5.5214,3.0918,4.903,0.1028,1.4663540124893188,31817.2,6.95
run2,42000,2,1.0682816422991085e-05,5.3988,3.1331,4.7721,0.1034,1.2608741521835327,31854.3,6.91
run2,42050,2,1.0636241975134096e-05,5.2886,2.9359,4.7014,0.1093,1.2264128923416138,31898.7,6.79
run2,42100,2,1.058980301386782e-05,5.3162,2.8105,4.7541,0.113,1.689455509185791,31932.5,6.82
run2,42150,2,1.0543499923691744e-05,5.2306,2.6991,4.6908,0.1051,1.7462091445922852,31969.4,7.07
run2,42200,2,1.049733308798038e-05,5.4335,3.0141,4.8307,0.0973,1.4518754482269287,32007.4,7.09
run2,42250,2,1.0451302888980121e-05,5.2574,2.9773,4.662,0.1075,1.6441595554351807,32043.6,7.23
run2,42300,2,1.0405409707806016e-05,5.3804,3.0445,4.7715,0.0999,1.3758466243743896,32079.9,7.06
run2,42350,2,1.035965392443867e-05,5.1639,2.7883,4.6063,0.1207,1.416110634803772,32115.0,7.29
run2,42400,2,1.0314035917721083e-05,5.2175,2.9157,4.6344,0.1152,1.215680718421936,32153.1,6.93
run2,42450,2,1.0268556065355495e-05,5.5227,2.9332,4.936,0.1067,1.6564600467681885,32190.8,7.24
run2,42500,2,1.0223214743900298e-05,5.3796,3.1051,4.7585,0.1027,1.3117576837539673,32229.3,7.24
run2,42550,2,1.0178012328766866e-05,5.4355,3.1425,4.807,0.0948,1.3709039688110352,32268.5,7.12
run2,42600,2,1.0132949194216476e-05,5.3002,2.9572,4.7087,0.1169,1.5333001613616943,32303.8,7.07
run2,42650,2,1.0088025713357244e-05,5.3303,2.82,4.7663,0.113,1.5450761318206787,32339.0,7.25
run2,42700,2,1.0043242258140933e-05,5.2944,3.0188,4.6906,0.1136,1.1296366453170776,32375.0,7.2
run2,42750,2,9.998599199360009e-06,5.3152,3.0865,4.698,0.1108,1.1680299043655396,32411.5,7.17
run2,42800,2,9.95409690664446e-06,5.1461,2.8991,4.5663,0.1277,1.6356624364852905,32444.7,7.2
run2,42850,2,9.909735748458773e-06,5.2735,2.984,4.6767,0.1255,1.7919009923934937,32479.9,7.2
run2,42900,2,9.865516092098915e-06,5.3146,2.8395,4.7467,0.1107,1.5116280317306519,32514.2,7.28
run2,42950,2,9.821438303689245e-06,5.1787,2.8639,4.606,0.1123,1.5066941976547241,32553.6,7.21
run2,43000,2,9.777502748179504e-06,5.3277,3.0828,4.7111,0.1068,1.3957551717758179,32591.9,7.26
run2,43050,2,9.733709789341793e-06,5.2798,2.7805,4.7237,0.1142,1.7209234237670898,32629.2,7.17
run2,43100,2,9.69005978976756e-06,5.2336,2.8768,4.6582,0.1251,1.7386642694473267,32664.5,6.88
run2,43150,2,9.646553110864592e-06,5.2856,2.9748,4.6906,0.1181,1.624462366104126,32699.7,7.17
run2,43200,2,9.603190112854036e-06,5.3056,3.0539,4.6948,0.1225,1.4218920469284058,32737.8,7.19
run2,43250,2,9.559971154767394e-06,5.2702,3.0127,4.6677,0.1128,1.5534738302230835,32776.6,7.3
run2,43300,2,9.516896594443578e-06,5.3879,3.007,4.7865,0.1137,1.3349530696868896,32813.3,6.79
run2,43350,2,9.473966788525932e-06,5.2849,2.9828,4.6884,0.1112,1.1902401447296143,32851.8,6.75
run2,43400,2,9.431182092459272e-06,5.1604,2.8022,4.5999,0.1216,1.4232816696166992,32889.2,7.09
run2,43450,2,9.388542860486949e-06,5.4719,3.0901,4.8539,0.1008,1.261574149131775,32925.2,6.78
run2,43500,2,9.346049445647953e-06,5.2289,2.962,4.6365,0.1173,1.4193178415298462,32963.9,7.22
run2,43550,2,9.303702199773902e-06,5.3637,3.1034,4.743,0.1069,1.3873487710952759,33001.0,7.18
run2,43600,2,9.261501473486222e-06,5.3257,2.9065,4.7444,0.1099,1.5049457550048828,33038.9,7.2
run2,43650,2,9.219447616193188e-06,5.2919,3.0436,4.6832,0.1128,1.2829771041870117,33079.8,7.03
run2,43700,2,9.177540976087049e-06,5.3158,2.9064,4.7346,0.1033,1.2255146503448486,33115.3,6.8
run2,43750,2,9.135781900141157e-06,5.1882,2.9078,4.6067,0.1195,1.6215837001800537,33147.6,6.72
run2,43800,2,9.09417073410706e-06,5.2898,3.0034,4.6891,0.1096,1.1335192918777466,33183.1,6.64
run2,43850,2,9.052707822511667e-06,5.3592,2.9996,4.7593,0.1144,1.6989096403121948,33221.6,7.12
run2,43900,2,9.011393508654412e-06,5.464,2.641,4.9358,0.1106,1.73695707321167,33258.0,6.6
run2,43950,2,8.97022813460434e-06,5.3879,3.1068,4.7666,0.105,1.5479028224945068,33295.7,7.11
run2,44000,2,8.929212041197369e-06,5.2249,2.8165,4.6616,0.1293,1.959850788116455,33330.9,6.93
run2,44050,2,8.888345568033404e-06,5.166,2.7991,4.6061,0.1062,1.5178617238998413,33372.8,6.77
run2,44100,2,8.847629053473524e-06,5.3166,2.9505,4.7265,0.1202,1.7242372035980225,33407.2,6.61
run2,44150,2,8.807062834637237e-06,5.4364,3.0983,4.8168,0.1012,1.3480535745620728,33446.1,7.05
run2,44200,2,8.766647247399627e-06,5.3198,2.9538,4.729,0.1036,1.0284051895141602,33484.2,6.8
run2,44250,2,8.726382626388599e-06,5.4187,2.9301,4.8327,0.1004,1.6790779829025269,33520.0,6.81
run2,44300,2,8.686269304982118e-06,5.1737,2.8536,4.603,0.1073,1.5097122192382812,33553.9,6.67
run2,44350,2,8.64630761530542e-06,5.1384,2.8418,4.57,0.1236,1.7107901573181152,33589.7,7.09
run2,44400,2,8.606497888228298e-06,5.142,2.8924,4.5635,0.1151,1.4847198724746704,33626.2,6.94
run2,44450,2,8.566840453362332e-06,5.1226,2.7636,4.5699,0.1347,2.07560658454895,33662.8,7.27
run2,44500,2,8.527335639058176e-06,5.2256,2.9304,4.6395,0.1071,1.1924183368682861,33700.1,7.23
run2,44550,2,8.487983772402834e-06,5.2391,2.9652,4.646,0.1091,1.4838156700134277,33738.9,7.31
run2,44600,2,8.448785179216959e-06,5.3024,2.7257,4.7573,0.109,1.5870778560638428,33777.1,7.17
run2,44650,2,8.40974018405214e-06,5.2635,2.9151,4.6805,0.1128,1.739795207977295,33814.9,7.3
run2,44700,2,8.370849110188231e-06,5.3031,2.7181,4.7595,0.1152,1.8632698059082031,33849.5,7.07
run2,44750,2,8.332112279630667e-06,5.279,2.8372,4.7116,0.1139,1.808442234992981,33886.2,7.02
run2,44800,2,8.2935300131078e-06,5.3446,3.1589,4.7128,0.1118,1.3376425504684448,33922.8,6.94
run2,44850,2,8.255102630068235e-06,5.277,2.8944,4.6982,0.1274,1.5981050729751587,33962.4,7.11
run2,44900,2,8.2168304486782e-06,5.4,2.8509,4.8299,0.1052,1.734320878982544,33999.2,7.08
run2,44950,2,8.178713785818895e-06,5.2426,3.0046,4.6417,0.1134,1.7638070583343506,34032.9,7.12
run2,45000,2,8.140752957083898e-06,5.2164,2.9152,4.6334,0.1137,1.437022089958191,34067.8,7.17
run2,45050,2,8.102948276776504e-06,5.3203,2.7983,4.7606,0.1186,1.5731114149093628,34102.1,6.58
run2,45100,2,8.065300057907157e-06,5.457,3.1199,4.833,0.1023,1.5634527206420898,34136.0,6.8
run2,45150,2,8.027808612190874e-06,5.2937,3.0312,4.6874,0.1161,1.6944440603256226,34170.7,7.15
run2,45200,2,7.990474250044605e-06,5.4134,2.9962,4.8142,0.1053,1.7441638708114624,34209.4,7.12
run2,45250,2,7.95329728058473e-06,5.5408,3.0125,4.9383,0.0984,1.6443774700164795,34248.8,7.26
run2,45300,2,7.916278011624459e-06,5.4173,3.0367,4.81,0.1174,1.674770474433899,34285.9,7.15
run2,45350,2,7.879416749671274e-06,5.2673,3.027,4.6619,0.1201,1.5251370668411255,34322.2,7.08
run2,45400,2,7.842713799924443e-06,5.4307,3.0153,4.8277,0.1006,1.6310120820999146,34360.1,7.09
run2,45450,2,7.806169466272437e-06,5.2112,3.031,4.605,0.107,1.2865571975708008,34394.1,6.76
run2,45500,2,7.769784051290451e-06,5.2933,2.883,4.7167,0.1161,1.7709602117538452,34431.6,7.24
run2,45550,2,7.733557856237875e-06,5.1597,2.7149,4.6168,0.1238,1.619247555732727,34471.1,7.25
run2,45600,2,7.697491181055812e-06,5.4105,3.0375,4.803,0.1015,1.644954800605774,34510.2,7.14
run2,45650,2,7.661584324364598e-06,5.3672,3.0986,4.7475,0.1021,1.4088481664657593,34548.6,7.23
run2,45700,2,7.625837583461319e-06,5.2472,2.9159,4.664,0.1115,1.6490538120269775,34586.9,7.05
run2,45750,2,7.590251254317354e-06,5.3184,3.0309,4.7122,0.1167,1.6500897407531738,34625.1,7.02
run2,45800,2,7.5548256315759294e-06,5.1845,2.9084,4.6028,0.1171,1.170415997505188,34662.8,7.28
run2,45850,2,7.519561008549671e-06,5.3204,3.1732,4.6857,0.1219,1.4170182943344116,34699.7,7.23
run2,45900,2,7.484457677218176e-06,5.2654,2.811,4.7032,0.125,1.539671540260315,34738.0,7.22
run2,45950,2,7.449515928225609e-06,5.2998,3.0649,4.6868,0.1258,1.5635889768600464,34776.4,7.24
run2,46000,2,7.414736050878278e-06,5.2951,3.067,4.6817,0.1172,1.2797857522964478,34813.4,7.38
run2,46050,2,7.380118333142247e-06,5.367,2.8289,4.8012,0.1097,1.7358120679855347,34855.6,6.75
run2,46100,2,7.345663061640952e-06,5.3782,2.9523,4.7877,0.1011,1.4940905570983887,34892.7,6.94
run2,46150,2,7.311370521652827e-06,5.2625,3.0428,4.654,0.1236,1.4259870052337646,34931.0,7.12
run2,46200,2,7.2772409971089385e-06,5.303,2.9357,4.7159,0.1072,1.3104490041732788,34969.0,6.84
run2,46250,2,7.243274770590658e-06,5.2686,2.8072,4.7071,0.1076,1.6012153625488281,35005.3,6.79
run2,46300,2,7.209472123327268e-06,5.1897,2.937,4.6023,0.1234,1.4791780710220337,35043.3,7.09
run2,46350,2,7.17583333519369e-06,5.3309,2.8323,4.7644,0.1055,1.0898364782333374,35083.8,7.15
run2,46400,2,7.142358684708156e-06,5.385,2.8473,4.8155,0.1064,1.8523650169372559,35124.2,7.22
run2,46450,2,7.109048449029855e-06,5.2381,3.0103,4.636,0.1201,1.7374874353408813,35160.7,7.17
run2,46500,2,7.075902903956713e-06,5.28,2.9206,4.6959,0.1101,1.6848423480987549,35199.2,7.04
run2,46550,2,7.042922323923057e-06,5.3515,3.0044,4.7507,0.1076,1.738752007484436,35238.4,6.96
run2,46600,2,7.010106981997341e-06,5.2933,2.8804,4.7173,0.1168,1.9659911394119263,35275.0,6.74
run2,46650,2,6.977457149879931e-06,5.2673,2.8606,4.6952,0.1148,1.7116601467132568,35309.8,6.54
run2,46700,2,6.944973097900807e-06,5.2573,2.9151,4.6742,0.1261,1.6372534036636353,35347.1,6.86
run2,46750,2,6.91265509501734e-06,5.3868,2.9713,4.7925,0.1037,1.4283521175384521,35385.7,7.24
run2,46800,2,6.880503408812084e-06,5.4649,2.8352,4.8979,0.1033,2.092618942260742,35421.7,7.06
run2,46850,2,6.848518305490534e-06,5.1869,2.9389,4.5992,0.1254,1.664522647857666,35458.9,7.03
run2,46900,2,6.8167000498789356e-06,5.4767,2.9523,4.8862,0.0992,1.973624587059021,35497.1,7.16
run2,46950,2,6.785048905422095e-06,5.2979,2.9023,4.7175,0.1014,1.8934884071350098,35531.9,7.29
run2,47000,2,6.753565134181169e-06,5.1149,2.6824,4.5784,0.1288,1.935342788696289,35567.2,6.9
run2,47050,2,6.722248996831559e-06,5.364,3.0355,4.7569,0.1071,1.1307240724563599,35604.9,7.09
run2,47100,2,6.6911007526606785e-06,5.3029,3.0776,4.6874,0.1065,1.1534407138824463,35643.2,7.02
run2,47150,2,6.660120659565852e-06,5.3359,3.0436,4.7271,0.1102,1.5620044469833374,35681.7,7.25
run2,47200,2,6.629308974052171e-06,5.2602,2.9479,4.6706,0.1152,1.4053374528884888,35719.3,7.1
run2,47250,2,6.598665951230365e-06,5.2979,2.8207,4.7338,0.1202,1.7253246307373047,35756.9,7.04
run2,47300,2,6.568191844814684e-06,5.338,2.869,4.7642,0.1118,1.6775071620941162,35796.2,7.0
run2,47350,2,6.537886907120815e-06,5.315,3.0395,4.7071,0.1117,1.4090640544891357,35832.0,7.11
run2,47400,2,6.507751389063777e-06,5.3245,2.9185,4.7408,0.1096,1.3056343793869019,35871.3,7.1
run2,47450,2,6.477785540155856e-06,5.2821,2.8662,4.7088,0.1045,1.2589168548583984,35911.1,6.88
run2,47500,2,6.447989608504524e-06,5.2799,3.0391,4.672,0.0996,1.676680088043213,35946.6,6.53
run2,47550,2,6.418363840810398e-06,5.2676,2.8644,4.6947,0.1132,1.2467120885849,35987.7,7.23
run2,47600,2,6.388908482365188e-06,5.2953,2.9408,4.7071,0.1117,1.6214524507522583,36031.3,7.23
run2,47650,2,6.359623777049692e-06,5.2155,2.7589,4.6637,0.1054,1.409799337387085,36064.3,7.22
run2,47700,2,6.33050996733172e-06,5.2568,2.9612,4.6645,0.1031,1.5829582214355469,36100.3,7.1
run2,47750,2,6.301567294264149e-06,5.4041,2.75,4.8541,0.1039,1.6931872367858887,36137.1,7.2
run2,47800,2,6.272795997482897e-06,5.2935,3.0207,4.6893,0.1072,1.0252773761749268,36175.8,7.17
run2,47850,2,6.244196315204927e-06,5.3422,2.7433,4.7935,0.1161,1.9028337001800537,36211.5,6.63
run2,47900,2,6.2157684842263106e-06,5.318,2.9123,4.7355,0.0992,1.5407437086105347,36247.3,6.94
run2,47950,2,6.1875127399202354e-06,5.2586,2.926,4.6734,0.1242,1.4804770946502686,36283.5,7.2
run2,48000,2,6.159429316235056e-06,5.2879,2.9597,4.696,0.12,1.550872564315796,36321.6,7.01
run2,48050,2,6.1315184456923965e-06,5.242,3.1376,4.6145,0.1106,1.4499478340148926,36364.4,7.26
run2,48100,2,6.1037803593851665e-06,5.3278,3.0846,4.7109,0.1028,1.0246152877807617,36402.1,7.27
run2,48150,2,6.076215286975704e-06,5.2022,2.8713,4.628,0.1085,1.3157322406768799,36442.2,7.24
run2,48200,2,6.048823456693836e-06,5.3075,2.9014,4.7272,0.1174,1.7139970064163208,36479.8,7.12
run2,48250,2,6.021605095334994e-06,5.3137,2.8502,4.7437,0.1086,1.722575306892395,36514.8,6.84
run2,48300,2,5.994560428258359e-06,5.1937,2.8733,4.619,0.1209,1.5625516176223755,36552.9,7.18
run2,48350,2,5.967689679384972e-06,5.1864,2.9469,4.597,0.1113,1.5875951051712036,36592.8,7.22
run2,48400,2,5.940993071195887e-06,5.3671,2.9271,4.7817,0.1085,1.5480774641036987,36631.0,7.14
run2,48450,2,5.914470824730331e-06,5.1226,3.027,4.5172,0.1338,1.4547079801559448,36670.9,6.99
run2,48500,2,5.8881231595838745e-06,5.1605,2.8194,4.5966,0.1227,1.6543341875076294,36706.9,7.02
run2,48550,2,5.861950293906608e-06,5.2141,2.9244,4.6292,0.1219,1.6523685455322266,36741.1,7.06
run2,48600,2,5.835952444401341e-06,5.4424,2.9776,4.8469,0.1051,1.3114430904388428,36779.3,7.06
run2,48650,2,5.810129826321807e-06,5.2306,3.0744,4.6157,0.1193,1.7424591779708862,36816.4,6.76
run2,48700,2,5.78448265347088e-06,5.3366,2.9377,4.7491,0.1158,1.6337252855300903,36853.6,7.05
run2,48750,2,5.759011138198801e-06,5.2822,2.8214,4.7179,0.1247,1.4089329242706299,36893.0,7.25
run2,48800,2,5.733715491401431e-06,5.2164,3.1803,4.5803,0.12,1.0080984830856323,36930.3,6.88
run2,48850,2,5.708595922518485e-06,5.4071,2.8019,4.8467,0.1089,1.829971194267273,36966.9,7.28
run2,48900,2,5.6836526395318335e-06,5.1925,3.0823,4.576,0.1233,1.5328550338745117,37004.9,7.23
run2,48950,2,5.658885848963726e-06,5.4137,2.8583,4.842,0.1092,1.5792940855026245,37042.9,7.08
run2,49000,2,5.634295755875129e-06,5.3392,2.8816,4.7629,0.1109,1.3408046960830688,37080.4,7.22
run2,49050,2,5.609882563864024e-06,5.3509,2.8328,4.7844,0.1103,1.7418512105941772,37118.3,7.09
run2,49100,2,5.58564647506368e-06,5.2117,2.8606,4.6396,0.1145,1.429446816444397,37158.3,7.23
run2,49150,2,5.561587690141033e-06,5.2227,2.9514,4.6325,0.1122,1.5357568264007568,37196.0,7.23
run2,49200,2,5.5377064082949935e-06,5.3787,2.893,4.8001,0.1079,1.3277857303619385,37230.9,7.27
run2,49250,2,5.5140028272547895e-06,5.2972,2.9311,4.711,0.1069,1.7212611436843872,37267.0,7.09
run2,49300,2,5.4904771432783765e-06,5.2202,2.8944,4.6413,0.1149,1.313696265220642,37304.5,7.16
run2,49350,2,5.467129551150743e-06,5.2978,3.0373,4.6903,0.1076,1.565352439880371,37343.8,7.02
run2,49400,2,5.443960244182367e-06,5.3829,2.8817,4.8066,0.1008,1.2147386074066162,37380.0,7.06
run2,49450,2,5.420969414207568e-06,5.5674,3.1531,4.9368,0.0949,1.2933918237686157,37420.5,7.14
run2,49500,2,5.398157251582921e-06,5.3525,2.8976,4.7729,0.1087,1.8999812602996826,37457.4,7.23
run2,49550,2,5.375523945185727e-06,5.1762,3.1017,4.5558,0.1248,1.636487364768982,37498.4,7.17
run2,49600,2,5.353069682412384e-06,5.2021,2.8407,4.6339,0.1255,1.986598253250122,37537.5,7.29
run2,49650,2,5.330794649176889e-06,5.2057,2.9519,4.6154,0.1198,1.5137572288513184,37575.3,6.68
run2,49700,2,5.3086990299092605e-06,5.1576,2.8557,4.5864,0.1107,1.5253146886825562,37610.6,6.5
run2,49750,2,5.286783007554037e-06,5.3852,3.0932,4.7665,0.1114,1.5785155296325684,37647.1,7.02
run2,49800,2,5.265046763568753e-06,5.3997,2.8922,4.8212,0.1019,1.9079663753509521,37684.3,7.07
run2,49850,2,5.243490477922433e-06,5.3738,2.7928,4.8153,0.1123,1.5642027854919434,37721.0,7.26
run2,49900,2,5.2221143290941055e-06,5.3116,2.6512,4.7813,0.1015,1.647639274597168,37760.0,6.93
run2,49950,2,5.200918494071325e-06,5.2783,3.0889,4.6606,0.1054,1.1961395740509033,37798.7,7.15
run2,50000,2,5.179903148348709e-06,5.3619,2.9139,4.7791,0.1131,1.5254547595977783,37836.0,6.77
run2,50050,2,5.159068465926482e-06,5.1716,2.7582,4.6199,0.1199,1.559220790863037,37878.8,6.99
run2,50100,2,5.138414619309028e-06,5.326,3.1941,4.6871,0.1116,1.2855602502822876,37919.8,7.13
run2,50150,2,5.117941779503481e-06,5.262,2.8423,4.6936,0.1196,1.5452622175216675,37958.8,7.09
run2,50200,2,5.097650116018291e-06,5.23,2.9018,4.6496,0.096,1.505823016166687,37997.6,7.15
run2,50250,2,5.0775397968618205e-06,5.2033,3.0093,4.6014,0.1197,1.3119800090789795,38037.8,7.4
run2,50300,2,5.057610988540978e-06,5.4345,2.9308,4.8484,0.1036,1.678033709526062,38074.9,6.87
run2,50350,2,5.037863856059799e-06,5.3707,2.7937,4.8119,0.1059,1.5888432264328003,38111.8,7.31
run2,50400,2,5.018298562918124e-06,5.2199,2.8604,4.6478,0.1199,1.8836051225662231,38148.6,7.2
run2,50450,2,4.998915271110207e-06,5.272,2.8662,4.6987,0.1114,1.8190895318984985,38187.8,7.1
run2,50500,2,4.979714141123393e-06,5.2168,2.8674,4.6433,0.1127,1.3516285419464111,38224.1,6.73
run2,50550,2,4.960695331936796e-06,5.3523,3.0292,4.7465,0.0982,1.198714256286621,38261.9,6.92
run2,50600,2,4.94185900101996e-06,5.268,3.0094,4.6661,0.1198,1.7112963199615479,38299.3,7.2
run2,50650,2,4.92320530433158e-06,5.1997,2.8352,4.6327,0.1203,1.742465853691101,38335.6,6.85
run2,50700,2,4.90473439631819e-06,5.3797,3.0184,4.7761,0.1024,1.2234971523284912,38368.5,7.0
run2,50750,2,4.886446429912896e-06,5.3032,3.0304,4.6972,0.1153,1.50678551197052,38404.9,7.2
run2,50800,2,4.868341556534111e-06,5.2948,2.8614,4.7225,0.1079,1.7520493268966675,38442.7,6.87
run2,50850,2,4.8504199260842915e-06,5.2522,3.006,4.651,0.1122,1.2381954193115234,38479.9,7.12
run2,50900,2,4.832681686948706e-06,5.3298,2.8878,4.7523,0.1084,1.6660722494125366,38517.5,7.11
run2,50950,2,4.815126985994204e-06,5.3077,2.9132,4.7251,0.1209,1.6635997295379639,38552.3,7.1
run2,51000,2,4.797755968567992e-06,5.4173,3.0044,4.8164,0.1052,1.2877320051193237,38589.3,6.75
run2,51050,2,4.780568778496443e-06,5.313,2.8928,4.7344,0.1171,1.7721893787384033,38629.6,7.19
run2,51100,2,4.763565558083897e-06,5.2386,2.9121,4.6562,0.1248,1.8095072507858276,38669.4,7.15
run2,51150,2,4.746746448111484e-06,5.3798,2.9133,4.7971,0.1024,1.7873830795288086,38707.1,7.28
run2,51200,2,4.73011158783596e-06,5.1107,2.6534,4.5801,0.1289,1.833575963973999,38744.1,7.05
run2,51250,2,4.713661114988558e-06,5.2068,2.78,4.6508,0.1177,1.5987071990966797,38782.5,7.13
run2,51300,2,4.6973951657738335e-06,5.2244,2.8507,4.6542,0.1257,1.8332860469818115,38819.9,7.27
run2,51350,2,4.681313874868553e-06,5.347,2.679,4.8112,0.1063,1.8654998540878296,38855.5,6.73
run2,51400,2,4.66541737542058e-06,5.1991,2.8743,4.6243,0.1239,1.788061261177063,38894.1,7.12
run2,51450,2,4.649705799047748e-06,5.5366,2.9974,4.9371,0.1157,1.9694808721542358,38929.8,6.7
run2,51500,2,4.6341792758367965e-06,5.3221,3.0123,4.7196,0.1072,1.476009726524353,38964.2,6.77
run2,51550,2,4.618837934342285e-06,5.1726,2.8914,4.5944,0.1168,1.8082754611968994,39001.9,7.34
run2,51600,2,4.603681901585528e-06,5.2516,2.9495,4.6617,0.1142,1.535348653793335,39039.8,7.11
run2,51650,2,4.58871130305355e-06,5.2753,2.9069,4.6939,0.114,1.7339762449264526,39072.6,6.52
run2,51700,2,4.573926262698025e-06,5.2837,2.8229,4.7191,0.1056,1.4620753526687622,39109.8,7.17
run2,51750,2,4.55932690293428e-06,5.3348,3.0143,4.7319,0.1049,1.3834943771362305,39148.7,7.14
run2,51800,2,4.5449133446402625e-06,5.2991,2.7866,4.7418,0.1184,1.8220837116241455,39187.3,7.2
run2,51850,2,4.530685707155542e-06,5.3031,3.0292,4.6973,0.1183,1.7436586618423462,39226.0,7.23
run2,51900,2,4.516644108280329e-06,5.2525,2.8829,4.6759,0.1219,1.841366171836853,39262.3,7.15
run2,51950,2,4.502788664274494e-06,5.3312,3.0254,4.7262,0.105,1.5207297801971436,39302.0,7.19
run2,52000,2,4.489119489856598e-06,5.3212,2.6966,4.7819,0.1148,1.7562739849090576,39340.5,7.21
run2,52050,2,4.47563669820296e-06,5.2959,2.9184,4.7122,0.1057,1.2189040184020996,39383.8,7.1
run2,52100,2,4.462340400946706e-06,5.3415,3.0173,4.738,0.1018,1.54080331325531,39419.8,6.93
run2,52150,2,4.449230708176852e-06,5.3139,3.0188,4.7101,0.1033,1.572372555732727,39456.1,6.84
run2,52200,2,4.436307728437386e-06,5.1826,2.8828,4.6061,0.1172,1.5819756984710693,39493.3,7.13
run2,52250,2,4.423571568726374e-06,5.256,2.7196,4.712,0.1154,2.008975028991699,39532.9,7.03
run2,52300,2,4.411022334495072e-06,5.3302,2.8965,4.7509,0.1171,1.785746455192566,39571.8,7.22
run2,52350,2,4.398660129647056e-06,5.3718,3.1211,4.7476,0.1077,1.542641043663025,39609.3,7.14
run2,52400,2,4.3864850565373605e-06,5.2566,3.0917,4.6383,0.1037,1.252492070198059,39647.6,6.72
run2,52450,2,4.374497215971628e-06,5.2389,2.9256,4.6538,0.1131,1.18271803855896,39684.6,7.31
run2,52500,2,4.362696707205273e-06,5.2012,2.8064,4.64,0.114,1.5730061531066895,39721.0,6.73
run2,52550,2,4.3510836279426746e-06,5.4032,2.9342,4.8163,0.11,1.7725696563720703,39758.3,6.86
run2,52600,2,4.339658074336341e-06,5.3435,2.9649,4.7505,0.1052,1.5871775150299072,39796.7,7.1
run2,52650,2,4.328420140986148e-06,5.1724,2.8393,4.6046,0.1206,1.337009072303772,39834.9,7.19
run2,52700,2,4.317369920938516e-06,5.2374,2.7762,4.6821,0.111,1.7462648153305054,39874.3,7.19
run2,52750,2,4.3065075056856755e-06,5.3355,2.7991,4.7757,0.1077,1.7639315128326416,39911.2,6.7
run2,52800,2,4.2958329851648895e-06,5.1565,2.7743,4.6016,0.1297,1.9136159420013428,39947.8,7.1
run2,52850,2,4.285346447757711e-06,5.2991,2.8951,4.7201,0.1042,1.4976469278335571,39988.2,7.09
run2,52900,2,4.2750479802892615e-06,5.368,3.1197,4.744,0.1155,1.2985835075378418,40026.2,6.7
run2,52950,2,4.264937668027496e-06,5.2436,2.9543,4.6528,0.1196,1.8030272722244263,40064.8,7.29
run2,53000,2,4.255015594682511e-06,5.2755,3.0813,4.6592,0.1082,1.2231428623199463,40104.5,6.97
run2,53050,2,4.245281842405845e-06,5.2592,3.0218,4.6549,0.1093,1.309480905532837,40142.3,6.93
run2,53100,2,4.235736491789795e-06,5.336,2.8859,4.7588,0.1206,1.7947704792022705,40183.5,7.03
run2,53150,2,4.226379621866766e-06,5.2911,2.8242,4.7263,0.1089,1.3855355978012085,40222.3,7.25
run2,53200,2,4.217211310108588e-06,5.1705,3.0435,4.5618,0.1179,1.509387731552124,40261.1,6.92
run2,53250,2,4.208231632425901e-06,5.2449,2.9018,4.6645,0.1207,1.6849538087844849,40295.2,6.74
run2,53300,2,4.199440663167515e-06,5.3645,3.0832,4.7478,0.1092,1.5525286197662354,40331.2,7.26
run2,53350,2,4.190838475119791e-06,5.2975,3.106,4.6763,0.1177,1.5071521997451782,40369.5,6.89
run2,53400,2,4.1824251395060495e-06,5.2475,2.9341,4.6607,0.1228,1.345787763595581,40405.0,6.97
run2,53450,2,4.174200725985971e-06,5.1977,2.7527,4.6471,0.116,1.7385244369506836,40443.3,7.17
run2,53500,2,4.16616530265502e-06,5.2142,2.9376,4.6267,0.1111,1.4418854713439941,40482.5,7.04
run2,53550,2,4.15831893604389e-06,5.3172,2.8351,4.7502,0.1077,1.606377363204956,40519.6,7.1
run2,53600,2,4.150661691117941e-06,5.3425,2.7646,4.7896,0.1084,1.7005679607391357,40555.6,6.93
run2,53650,2,4.143193631276667e-06,5.1968,2.8124,4.6343,0.122,1.6667448282241821,40592.0,6.93
run2,53700,2,4.135914818353178e-06,5.4563,2.9672,4.8629,0.0984,1.418972373008728,40628.1,6.88
run2,53750,2,4.128825312613671e-06,5.4236,3.0344,4.8168,0.0995,1.3578481674194336,40667.6,7.36
run2,53800,2,4.12192517275695e-06,5.0422,3.0602,4.4302,0.1436,1.638438105583191,40705.0,7.2
run2,53850,2,4.115214455913923e-06,5.2896,2.8537,4.7189,0.1062,1.6580477952957153,40739.9,7.25
run2,53900,2,4.108693217647145e-06,5.2891,2.9328,4.7025,0.098,1.3240437507629395,40777.2,7.05
run2,53950,2,4.102361511950344e-06,5.4434,2.9619,4.8511,0.1047,1.5389283895492554,40814.5,7.15
run2,54000,2,4.096219391247987e-06,5.2817,2.7346,4.7348,0.1212,2.053611993789673,40850.1,6.6
run2,54050,2,4.090266906394831e-06,5.2773,3.0366,4.67,0.1118,1.525876522064209,40889.9,7.32
run2,54100,2,4.084504106675511e-06,5.2418,3.0419,4.6334,0.1121,1.571857213973999,40929.9,7.19
run2,54150,2,4.078931039804136e-06,5.3721,2.9227,4.7876,0.1054,1.3897126913070679,40966.1,7.17
run2,54200,2,4.073547751923887e-06,5.2467,2.737,4.6993,0.107,1.8752870559692383,41002.4,6.75
run2,54250,2,4.068354287606635e-06,5.2365,2.9353,4.6495,0.1142,1.6343109607696533,41035.1,6.8
run2,54300,2,4.063350689852572e-06,5.3756,3.1411,4.7474,0.103,1.1813147068023682,41075.2,7.25
run2,54350,2,4.058537000089859e-06,5.3512,3.0087,4.7494,0.103,1.507849931716919,41111.6,7.03
run2,54400,2,4.0539132581742845e-06,5.3382,2.729,4.7924,0.1095,1.4192450046539307,41147.4,6.66
run2,54450,2,4.049479502388922e-06,5.1634,2.8707,4.5892,0.109,2.16787052154541,41187.5,7.25
run2,54500,2,4.045235769443831e-06,5.2995,2.9161,4.7163,0.1085,1.8723206520080566,41222.1,6.58
run2,54550,2,4.041182094475735e-06,5.3171,2.9923,4.7187,0.1102,1.4702035188674927,41259.9,6.84
run2,54600,2,4.037318511047746e-06,5.3135,3.0693,4.6996,0.1052,1.213250756263733,41295.6,6.78
run2,54650,2,4.033645051149075e-06,5.3684,2.9036,4.7876,0.1006,1.560211181640625,41333.3,6.89
run2,54700,2,4.030161745194777e-06,5.4279,3.0031,4.8273,0.0965,1.2173551321029663,41370.7,7.05
run2,54750,2,4.026868622025491e-06,5.3684,3.034,4.7616,0.1128,1.4174766540527344,41407.6,6.83
run2,54800,2,4.0237657089072045e-06,5.2296,2.9781,4.634,0.1143,1.1616246700286865,41447.7,7.17
run2,54850,2,4.020853031531029e-06,5.353,3.0501,4.743,0.1075,1.4336402416229248,41490.2,7.27
run2,54900,2,4.018130614012983e-06,5.1807,2.7171,4.6373,0.1188,1.5805343389511108,41527.9,6.83
run2,54950,2,4.0155984788938e-06,5.3451,2.8031,4.7845,0.1075,1.6887550354003906,41566.9,6.83
run2,55000,2,4.013256647138732e-06,5.4092,2.8579,4.8376,0.1013,1.8548672199249268,41604.6,7.3
run2,55050,2,4.011105138137387e-06,5.3219,3.1432,4.6933,0.1117,1.362225890159607,41640.1,6.97
run2,55100,2,4.0091439697035574e-06,5.2357,2.9107,4.6536,0.1205,1.8933242559432983,41678.6,7.04
run2,55150,2,4.0073731580750795e-06,5.1924,2.8348,4.6255,0.1208,1.6019439697265625,41714.0,7.13
run2,55200,2,4.0057927179137e-06,5.2818,2.8793,4.7059,0.1142,1.7629992961883545,41750.9,7.03
run2,55250,2,4.004402662304945e-06,5.1506,2.9048,4.5696,0.1188,1.6580374240875244,41787.4,7.11
run2,55300,2,4.003203002758026e-06,5.3047,2.9322,4.7182,0.1237,1.5232715606689453,41824.7,7.09
run2,55350,2,4.002193749205728e-06,5.3078,3.0333,4.7012,0.1079,1.4942312240600586,41861.4,7.06
run2,55400,2,4.00137491000435e-06,5.2298,2.9478,4.6402,0.1177,1.79825758934021,41898.0,7.15
run2,55450,2,4.000746491933608e-06,5.1385,2.9424,4.5501,0.1129,1.3872519731521606,41935.4,7.08
run2,55500,2,4.000308500196603e-06,5.2441,2.915,4.661,0.1063,1.5565464496612549,41971.3,7.15
run2,55550,2,4.0000609384197595e-06,5.3641,2.8988,4.7844,0.1149,1.4053986072540283,42008.9,6.75
run3_pilot,1,0,1.0000000000000001e-07,9.5202,10.787,7.3628,0.0261,5.734246253967285,4.1,5.79
run3_pilot,50,0,2.55e-06,9.3678,10.3994,7.2879,0.026,4.175027370452881,40.8,7.2
run3_pilot,100,0,5.050000000000001e-06,9.2665,9.8118,7.3042,0.0277,2.860025405883789,77.8,7.07
run3_pilot,150,0,7.55e-06,8.4067,8.4101,6.7247,0.0355,2.4383528232574463,118.3,7.22
run3_pilot,200,0,1.005e-05,7.7452,7.0054,6.3441,0.0387,1.86476731300354,155.0,7.19
run3_pilot,250,0,1.255e-05,7.2211,5.8909,6.0429,0.0486,1.3522605895996094,193.0,6.81
run3_pilot,300,0,1.505e-05,6.9778,5.6165,5.8545,0.0584,1.221103549003601,228.7,7.12
run3_pilot,350,0,1.755e-05,7.0452,5.3347,5.9782,0.0486,1.3886464834213257,267.2,7.26
run3_pilot,400,0,2.0050000000000003e-05,6.9869,5.2002,5.9469,0.0581,1.801418662071228,304.4,7.12
run3_pilot,450,0,2.2550000000000003e-05,6.8043,4.8542,5.8334,0.0637,1.6788616180419922,343.5,7.06
run3_pilot,500,0,2.5050000000000002e-05,6.4977,4.3568,5.6264,0.0796,1.9550336599349976,377.9,7.22
run3_pilot,550,0,2.7550000000000002e-05,6.4835,4.6222,5.5591,0.0652,1.4034687280654907,414.3,7.02
run3_pilot,600,0,3.0050000000000002e-05,6.3266,4.1711,5.4924,0.0677,1.823432445526123,448.3,6.75
run3_pilot,650,0,3.2550000000000005e-05,6.4066,4.6177,5.4831,0.067,1.284179925918579,486.3,7.14
run3_pilot,700,0,3.505e-05,6.5358,4.5006,5.6357,0.0581,1.2836815118789673,523.7,6.8
run3_pilot,750,0,3.7550000000000005e-05,6.4168,4.5005,5.5167,0.0622,1.3116180896759033,561.6,7.17
run3_pilot,800,0,4.0050000000000004e-05,6.2551,4.1504,5.425,0.0844,1.6966960430145264,600.7,7.1
run3_pilot,850,0,4.2550000000000004e-05,6.2948,4.3376,5.4273,0.0822,1.581746220588684,641.0,6.97
run3_pilot,900,0,4.5050000000000004e-05,6.206,4.2787,5.3503,0.0699,1.6071137189865112,676.1,7.21
run3_pilot,950,0,4.755e-05,6.2091,4.1459,5.3799,0.0781,1.68826162815094,715.1,6.89
run3_pilot,1000,0,5e-05,6.2577,4.3177,5.3941,0.0754,1.8117423057556152,750.4,7.25
run3_pilot,1050,0,4.999578015393127e-05,6.2487,4.1562,5.4175,0.0706,1.5485316514968872,786.6,7.24
run3_pilot,1100,0,4.9983122164168625e-05,6.2544,4.2462,5.4051,0.0643,1.3568809032440186,823.5,7.09
run3_pilot,1150,0,4.9962030675474544e-05,6.2461,4.2787,5.3903,0.0599,1.4661990404129028,857.2,6.72
run3_pilot,1200,0,4.993251342722603e-05,6.0875,3.9649,5.2945,0.0711,1.8780266046524048,892.9,7.15
run3_pilot,1250,0,4.989458125057474e-05,6.0971,3.9206,5.3129,0.0788,1.8302981853485107,927.2,6.89
run3_pilot,1300,0,4.984824806447252e-05,6.0175,3.9628,5.2249,0.0745,1.7012964487075806,962.6,7.17
run3_pilot,1350,0,4.9793530870564036e-05,6.1359,4.0863,5.3187,0.0702,2.0198209285736084,1002.1,7.28
run3_pilot,1400,0,4.9730449746948024e-05,6.1169,4.0045,5.316,0.0731,1.3836513757705688,1040.2,7.24
run3_pilot,1450,0,4.965902784080981e-05,6.1663,3.8264,5.4011,0.0747,1.6147489547729492,1076.5,7.25
run3_pilot,1500,0,4.9579291359927674e-05,6.0543,3.9752,5.2593,0.0823,1.6814440488815308,1117.7,7.31
run3_pilot,1550,0,4.949126956305596e-05,6.0343,3.8202,5.2703,0.0822,1.7594105005264282,1156.5,7.09
run3_pilot,1600,0,4.939499474918892e-05,6.0556,4.1338,5.2288,0.0736,1.211363434791565,1194.6,7.24
run3_pilot,1650,0,4.929050224570869e-05,6.0301,4.0379,5.2225,0.0807,1.4892793893814087,1232.9,7.07
run3_pilot,1700,0,4.9177830395422245e-05,6.059,3.8114,5.2967,0.0768,1.6805791854858398,1270.3,7.15
run3_pilot,1750,0,4.90570205424917e-05,6.1251,3.8463,5.3558,0.0828,1.7021660804748535,1305.5,7.26
run3_pilot,1800,0,4.89281170172634e-05,6.0992,3.7805,5.3431,0.0803,1.7601497173309326,1341.8,6.79
run3_pilot,1850,0,4.87911671200012e-05,6.0039,3.7137,5.2612,0.0803,1.6908683776855469,1378.2,6.92
run3_pilot,1900,0,4.8646221103529916e-05,5.9781,3.9821,5.1816,0.0809,1.2329028844833374,1415.5,7.26
run3_pilot,1950,0,4.8493332154795454e-05,6.0372,4.0214,5.2329,0.0745,1.2867165803909302,1454.1,7.27
run3_pilot,2000,0,4.833255637534818e-05,6.0033,3.7177,5.2597,0.0723,1.6321742534637451,1490.6,7.08
run3_pilot,2050,0,4.816395276075686e-05,5.9773,3.9277,5.1918,0.085,1.3825429677963257,1535.8,7.04
run3_pilot,2100,0,4.798758317896065e-05,6.0064,3.7188,5.2626,0.0857,1.4700608253479004,1571.8,7.29
run3_pilot,2150,0,4.7803512347567065e-05,5.9423,3.869,5.1686,0.0787,1.3342057466506958,1612.2,7.12
run3_pilot,2200,0,4.761180781010428e-05,5.926,3.6597,5.1941,0.0813,1.4877835512161255,1649.0,6.65
run3_pilot,2250,0,4.7412539911236554e-05,5.9599,3.7851,5.2028,0.0813,1.404823660850525,1687.4,7.12
run3_pilot,2300,0,4.720578177095168e-05,6.0453,3.6513,5.3151,0.0753,1.5815192461013794,1725.2,7.07
run3_pilot,2350,0,4.699160925773012e-05,6.0991,3.8544,5.3282,0.0813,1.3910146951675415,1763.1,7.1
run3_pilot,2400,0,4.677010096070563e-05,5.9047,3.5677,5.1912,0.0823,1.3742629289627075,1798.4,6.98
run3_pilot,2450,0,4.6541338160827445e-05,6.0235,3.9864,5.2263,0.082,1.170595645904541,1836.7,7.03
run3_pilot,2500,0,4.630540480103485e-05,5.96,3.7552,5.2089,0.0731,1.4888778924942017,1876.9,7.19
run3_pilot,2550,0,4.606238745545487e-05,5.927,3.9697,5.1331,0.0842,1.2585268020629883,1915.3,7.16
run3_pilot,2600,0,4.581237529763451e-05,5.7599,3.5212,5.0556,0.0987,1.504166603088379,1951.0,7.09
run3_pilot,2650,0,4.555546006781908e-05,5.8114,3.7111,5.0692,0.0811,1.5489624738693237,1988.8,7.22
run3_pilot,2700,0,4.5291736039288814e-05,5.9142,3.8625,5.1417,0.0842,1.4121290445327759,2026.4,7.04
run3_pilot,2750,0,4.502129998376588e-05,5.8426,3.6907,5.1044,0.0905,1.5347312688827515,2063.3,6.82
run3_pilot,2800,0,4.474425113590469e-05,5.6629,3.4188,4.9792,0.1014,1.7336665391921997,2102.8,6.97
run3_pilot,2850,0,4.446069115687842e-05,5.8364,3.7383,5.0887,0.0889,1.3981090784072876,2134.9,6.54
run3_pilot,2900,0,4.417072409707514e-05,5.9412,3.7465,5.1919,0.0748,1.511069655418396,2172.8,7.11
run3_pilot,2950,0,4.387445635791723e-05,5.7667,3.4835,5.07,0.087,1.3376885652542114,2210.7,6.94
run3_pilot,3000,0,4.35719966528181e-05,5.8836,3.57,5.1696,0.0858,1.6430068016052246,2245.2,7.24
run3_pilot,3050,0,4.326345596729059e-05,5.8151,3.6081,5.0935,0.1002,1.4913628101348877,2281.9,7.25
run3_pilot,3100,0,4.294894751822156e-05,5.9157,3.5995,5.1958,0.0829,1.3722994327545166,2317.3,6.6
run3_pilot,3150,0,4.2628586712327734e-05,5.8446,3.579,5.1288,0.0889,1.4108370542526245,2355.3,6.76
run3_pilot,3200,0,4.2302491103808e-05,5.9386,3.6481,5.209,0.0814,1.469707727432251,2391.8,7.13
run3_pilot,3250,0,4.1970780351207744e-05,6.0815,3.7686,5.3277,0.0711,1.59463369846344,2428.8,7.07
run3_pilot,3300,0,4.163357617351087e-05,5.7552,3.5572,5.0437,0.0896,1.398055076599121,2466.3,7.1
run3_pilot,3350,0,4.1291002305475995e-05,5.7558,3.5276,5.0503,0.0859,1.5474897623062134,2504.0,7.08
run3_pilot,3400,0,4.0943184452232674e-05,5.8805,3.767,5.1271,0.0821,1.2545708417892456,2542.8,6.83
run3_pilot,3450,0,4.0590250243154895e-05,5.807,3.5498,5.0971,0.0869,1.4568129777908325,2581.4,6.89
run3_pilot,3500,0,4.023232918502828e-05,5.7911,3.6688,5.0573,0.0817,1.289517879486084,2620.4,7.12
run3_pilot,3550,0,3.986955261452848e-05,5.7822,3.7484,5.0325,0.0821,0.9357079267501831,2660.4,7.09
run3_pilot,3600,0,3.950205365002809e-05,5.7384,3.7717,4.984,0.0901,1.0285630226135254,2698.1,6.69
run3_pilot,3650,0,3.9129967142749774e-05,5.8487,3.2694,5.1948,0.0817,1.6253100633621216,2735.5,7.17
run3_pilot,3700,0,3.875342962728354e-05,5.8403,3.7949,5.0813,0.0784,1.3349379301071167,2771.8,7.12
run3_pilot,3750,0,3.837257927148627e-05,5.705,3.819,4.9412,0.0936,1.095418095588684,2807.5,7.13
run3_pilot,3800,0,3.798755582578205e-05,5.7419,3.383,5.0653,0.0894,1.5852614641189575,2841.5,6.59
run3_pilot,3850,0,3.759850057188161e-05,5.8972,3.809,5.1354,0.079,1.3153246641159058,2877.4,6.89
run3_pilot,3900,0,3.720555627094008e-05,5.6721,3.5041,4.9713,0.0927,1.2360113859176636,2915.3,6.94
run3_pilot,3950,0,3.680886711117166e-05,5.7879,3.5946,5.069,0.0875,1.3163195848464966,2955.1,7.27
run3_pilot,4000,0,3.6408578654940825e-05,5.7224,3.41,5.0404,0.1027,1.6995524168014526,2991.6,7.1
run3_pilot,4050,0,3.6004837785349175e-05,5.9388,3.6179,5.2152,0.0794,1.171494722366333,3032.7,6.87
run3_pilot,4100,0,3.559779265233768e-05,5.8076,3.3172,5.1442,0.0851,1.4718501567840576,3067.7,6.67
run3_pilot,4150,0,3.518759261832414e-05,5.7432,3.6898,5.0052,0.0785,1.219148874282837,3104.4,7.2
run3_pilot,4200,0,3.4774388203395566e-05,5.7585,3.4429,5.07,0.0969,1.7864633798599243,3143.4,7.31
run3_pilot,4250,0,3.4358331030075955e-05,5.9385,3.6128,5.216,0.093,1.4935404062271118,3178.0,6.75
run3_pilot,4300,0,3.393957376768943e-05,5.808,3.6399,5.08,0.0813,1.1242711544036865,3215.9,6.55
run3_pilot,4350,0,3.3518270076339216e-05,5.7091,3.5042,5.0082,0.0879,1.4484249353408813,3249.6,7.17
run3_pilot,4400,0,3.3094574550523225e-05,5.6383,3.7141,4.8955,0.0896,1.1605758666992188,3286.4,7.22
run3_pilot,4450,0,3.266864266240657e-05,5.7583,3.4046,5.0774,0.0878,1.270675539970398,3323.6,7.08
run3_pilot,4500,0,3.224063070477217e-05,5.751,3.4646,5.0581,0.0902,1.378186821937561,3360.1,7.22
run3_pilot,4550,0,3.181069573367019e-05,5.7413,3.6479,5.0118,0.0951,1.080254316329956,3399.9,6.93
run3_pilot,4600,0,3.1378995510787374e-05,5.7047,3.3865,5.0274,0.0874,1.8850297927856445,3438.7,7.23
run3_pilot,4650,0,3.09456884455575e-05,5.8326,3.6363,5.1053,0.081,1.123653531074524,3477.1,7.3
run3_pilot,4700,0,3.0510933537034115e-05,5.8955,3.4105,5.2134,0.0831,1.6361571550369263,3515.0,7.08
run3_pilot,4750,0,3.0074890315546917e-05,5.6303,3.4919,4.932,0.0877,1.355727195739746,3555.1,7.09
run3_pilot,4800,0,2.9637718784163216e-05,5.6192,3.4453,4.9301,0.0974,1.6400203704833984,3591.8,7.24
run3_pilot,4850,0,2.9199579359975877e-05,5.7489,3.7027,5.0083,0.0859,1.1519482135772705,3632.0,7.14
run3_pilot,4900,0,2.8760632815239408e-05,5.6804,3.479,4.9846,0.0859,1.3556960821151733,3670.3,6.79
run3_pilot,4950,0,2.8321040218375643e-05,5.926,3.4873,5.2285,0.0935,1.6800127029418945,3708.9,6.88
run3_pilot,5000,0,2.788096287487082e-05,5.8977,3.4767,5.2023,0.0819,1.1987618207931519,3743.3,6.77
run3_pilot,5050,0,2.744056226808563e-05,5.5659,3.6663,4.8326,0.0979,1.1826967000961304,3779.3,7.09
run3_pilot,5100,0,2.7000000000000002e-05,5.8376,3.54,5.1296,0.0846,1.3828610181808472,3819.4,7.06
run3_pilot,5150,0,2.6559437731914376e-05,5.8758,3.5325,5.1693,0.0841,1.3949285745620728,3857.1,7.05
run3_pilot,5200,0,2.6119037125129185e-05,5.8589,3.5112,5.1566,0.0967,1.286789059638977,3896.8,7.14
run3_pilot,5250,0,2.567895978162437e-05,5.748,3.5422,5.0396,0.0917,1.3313813209533691,3934.5,7.01
run3_pilot,5300,0,2.5239367184760597e-05,5.9713,3.3757,5.2961,0.0869,1.7870911359786987,3972.1,7.19
run3_pilot,5350,0,2.480042064002413e-05,5.6262,3.4057,4.9451,0.0966,1.580668330192566,4009.3,7.07
run3_pilot,5400,0,2.4362281215836792e-05,5.7252,3.434,5.0384,0.0905,1.6623520851135254,4045.8,6.84
run3_pilot,5450,0,2.3925109684453088e-05,5.7027,3.6061,4.9814,0.0872,1.196395993232727,4082.6,7.18
run3_pilot,5500,0,2.3489066462965887e-05,5.7979,3.5354,5.0909,0.0914,1.2508448362350464,4119.5,7.21
run3_pilot,5550,0,2.3054311554442503e-05,5.6893,3.5406,4.9812,0.0955,1.3466036319732666,4156.0,7.12
run3_pilot,5600,0,2.2621004489212627e-05,5.7542,3.4067,5.0729,0.0933,1.431330680847168,4192.3,7.26
run3_pilot,5650,0,2.2189304266329824e-05,5.9014,3.6607,5.1692,0.0765,1.2671935558319092,4229.3,7.05
run3_pilot,5700,0,2.1759369295227844e-05,5.7278,3.4995,5.0279,0.0876,1.3871456384658813,4268.3,7.2
run3_pilot,5750,0,2.1331357337593448e-05,5.82,3.6159,5.0968,0.0813,1.311936616897583,4308.1,7.15
run3_pilot,5800,0,2.0905425449476786e-05,5.7318,3.5286,5.026,0.092,1.2389311790466309,4341.7,6.85
run3_pilot,5850,0,2.048172992366079e-05,5.5853,3.5407,4.8771,0.092,1.3701603412628174,4382.8,7.31
run3_pilot,5900,0,2.006042623231058e-05,5.8339,3.555,5.1229,0.0772,1.351665735244751,4420.8,7.27
run3_pilot,5950,0,1.964166896992405e-05,5.6872,3.5781,4.9716,0.0968,1.3249882459640503,4458.8,6.82
run3_pilot,6000,0,1.9225611796604442e-05,5.6586,3.31,4.9966,0.1054,1.4737732410430908,4497.1,7.2
run3_pilot,6050,0,1.881240738167587e-05,5.5568,3.3251,4.8918,0.0918,1.4807730913162231,4541.3,7.27
run3_pilot,6100,0,1.840220734766232e-05,5.6998,3.5398,4.9918,0.0953,1.4731287956237793,4578.6,7.07
run3_pilot,6150,0,1.7995162214650837e-05,5.6835,3.4245,4.9986,0.0976,1.3306628465652466,4614.4,6.64
run3_pilot,6200,0,1.7591421345059183e-05,5.7116,3.4023,5.0311,0.0913,1.2999413013458252,4654.9,7.16
run3_pilot,6250,0,1.7191132888828348e-05,5.6956,3.5417,4.9873,0.0896,1.207375407218933,4690.2,6.82
run3_pilot,6300,0,1.6794443729059927e-05,5.83,3.4783,5.1343,0.0958,1.549617886543274,4727.8,7.13
run3_pilot,6350,0,1.640149942811839e-05,5.6681,3.3614,4.9959,0.0887,1.2918189764022827,4763.2,7.26
run3_pilot,6400,0,1.601244417421795e-05,5.6545,3.3868,4.9771,0.1017,1.3154053688049316,4800.1,6.83
run3_pilot,6450,0,1.5627420728513722e-05,5.6722,3.497,4.9728,0.0853,1.4684549570083618,4836.8,6.99
run3_pilot,6500,0,1.5246570372716459e-05,5.7297,3.4506,5.0396,0.0939,1.4195969104766846,4873.3,7.14
run3_pilot,6550,0,1.4870032857250229e-05,5.5975,3.2528,4.9469,0.0886,1.4842582941055298,4908.6,7.07
run3_pilot,6600,0,1.4497946349971916e-05,5.7608,3.6722,5.0264,0.0829,1.3485466241836548,4944.6,7.2
run3_pilot,6650,0,1.413044738547153e-05,5.5713,3.2011,4.9311,0.107,1.5548694133758545,4983.1,6.96
run3_pilot,6700,0,1.3767670814971729e-05,5.6764,3.6559,4.9452,0.0941,1.0932393074035645,5022.8,7.12
run3_pilot,6750,0,1.3409749756845116e-05,5.6109,3.4539,4.9201,0.0947,1.3240989446640015,5061.7,7.09
run3_pilot,6800,0,1.3056815547767335e-05,5.7763,3.5263,5.071,0.0933,1.4258304834365845,5097.6,7.18
run3_pilot,6850,0,1.2708997694524013e-05,5.5751,3.4176,4.8916,0.0919,1.501360535621643,5133.5,7.14
run3_pilot,6900,0,1.2366423826489132e-05,5.7688,3.6243,5.0439,0.0814,1.190247893333435,5169.5,6.76
run3_pilot,6950,0,1.2029219648792267e-05,5.5958,3.3249,4.9309,0.0853,1.5087249279022217,5206.3,7.07
run3_pilot,7000,0,1.1697508896192e-05,5.7188,3.3939,5.04,0.101,1.311143398284912,5242.0,7.2
run3_pilot,7050,0,1.1371413287672272e-05,5.8102,3.5656,5.0971,0.088,1.4695440530776978,5280.0,7.09
run3_pilot,7100,0,1.1051052481778443e-05,5.5015,3.4403,4.8135,0.1133,1.7212772369384766,5321.3,6.99
run3_pilot,7150,0,1.0736544032709409e-05,5.8702,3.5277,5.1646,0.0805,1.2208799123764038,5358.2,7.27
run3_pilot,7200,0,1.04280033471819e-05,5.724,3.4958,5.0248,0.0848,1.1828532218933105,5397.7,7.02
run3_pilot,7250,0,1.0125543642082774e-05,5.7037,3.4463,5.0144,0.0873,1.412013292312622,5432.2,7.02
run3_pilot,7300,0,9.82927590292486e-06,5.7152,3.4251,5.0302,0.0892,1.3358914852142334,5473.6,7.29
run3_pilot,7350,0,9.539308843121578e-06,5.6247,3.1514,4.9944,0.0974,1.6710999011993408,5513.0,7.17
run3_pilot,7400,0,9.255748864095313e-06,5.732,3.5135,5.0292,0.0878,1.3215287923812866,5547.6,6.6
run3_pilot,7450,0,8.978700016234124e-06,5.7205,3.5437,5.0118,0.0871,1.0172404050827026,5586.3,7.38
run3_pilot,7500,0,8.70826396071119e-06,5.7336,3.4821,5.0371,0.0858,1.2531172037124634,5628.3,7.28
run3_pilot,7550,0,8.44453993218092e-06,5.5898,3.2503,4.9397,0.0918,1.507944107055664,5667.1,6.72
run3_pilot,7600,0,8.187624702365495e-06,5.7167,3.4493,5.0269,0.0964,1.355919361114502,5703.2,6.82
run3_pilot,7650,0,7.937612544545128e-06,5.6981,3.3533,5.0275,0.0981,1.4751783609390259,5737.9,7.21
run3_pilot,7700,0,7.694595198965151e-06,5.6903,3.6511,4.9601,0.0865,1.2020249366760254,5771.7,7.2
run3_pilot,7750,0,7.45866183917256e-06,5.8376,3.5722,5.1232,0.082,1.2413510084152222,5808.7,7.17
run3_pilot,7800,0,7.2298990392943774e-06,5.7315,3.4634,5.0388,0.0924,1.2812247276306152,5846.6,6.65
run3_pilot,7850,0,7.0083907422698835e-06,5.7098,3.5818,4.9934,0.0875,1.2452282905578613,5881.6,7.13
run3_pilot,7900,0,6.79421822904833e-06,5.6061,3.2536,4.9553,0.0823,1.4820460081100464,5919.1,6.76
run3_pilot,7950,0,6.587460088763451e-06,5.6883,3.3583,5.0166,0.0946,1.649190902709961,5954.8,6.7
run3_pilot,8000,0,6.388192189895724e-06,5.7196,3.4508,5.0295,0.0909,1.3671138286590576,5992.9,7.14
run3_pilot,8050,0,6.1964876524329435e-06,5.793,3.5681,5.0794,0.0827,1.1665364503860474,6036.8,6.89
run3_pilot,8100,0,6.012416821039351e-06,5.4801,3.4989,4.7803,0.1091,1.3196954727172852,6070.9,6.57
run3_pilot,8150,0,5.83604723924314e-06,5.5552,3.4005,4.8751,0.1127,1.51698899269104,6109.7,7.24
run3_pilot,8200,0,5.667443624651825e-06,5.7088,3.4089,5.0271,0.1088,1.423774003982544,6145.9,6.83
run3_pilot,8250,0,5.506667845204548e-06,5.5968,3.376,4.9216,0.0872,1.3376268148422241,6182.0,7.09
run3_pilot,8300,0,5.3537788964700855e-06,5.7608,3.3254,5.0958,0.0842,1.355344295501709,6218.7,6.7
run3_pilot,8350,0,5.208832879998803e-06,5.6565,3.529,4.9507,0.1016,1.2731279134750366,6257.4,6.95
run3_pilot,8400,0,5.071882982736598e-06,5.6976,3.5427,4.9891,0.0855,1.2289470434188843,6295.9,6.63
run3_pilot,8450,0,4.942979457508301e-06,5.7095,3.4221,5.025,0.0878,1.1290645599365234,6332.0,6.63
run3_pilot,8500,0,4.822169604577757e-06,5.6622,3.4384,4.9745,0.0957,1.304375410079956,6368.8,7.25
run3_pilot,8550,0,4.709497754291307e-06,5.5332,3.2497,4.8833,0.085,1.485826015472412,6408.5,7.17
run3_pilot,8600,0,4.605005250811084e-06,5.6956,3.5867,4.9782,0.0907,1.2815853357315063,6445.1,7.33
run3_pilot,8650,0,4.5087304369440415e-06,5.7411,3.506,5.0399,0.0901,1.360234022140503,6479.1,7.4
run3_pilot,8700,0,4.4207086400723365e-06,5.613,3.3174,4.9495,0.0904,1.8355727195739746,6516.7,7.02
run3_pilot,8750,0,4.340972159190193e-06,5.571,3.4279,4.8855,0.104,1.4277976751327515,6552.0,7.12
run3_pilot,8800,0,4.269550253051987e-06,5.6777,3.2568,5.0264,0.0997,1.4304736852645874,6585.6,6.68
run3_pilot,8850,0,4.206469129435963e-06,5.6654,3.3815,4.9891,0.094,1.4746108055114746,6621.8,7.23
run3_pilot,8900,0,4.151751935527474e-06,5.7686,3.4518,5.0783,0.0872,1.5849653482437134,6659.3,7.32
run3_pilot,8950,0,4.105418749425267e-06,5.6518,3.6181,4.9282,0.09,1.0712251663208008,6695.7,6.71
run3_pilot,9000,0,4.06748657277397e-06,5.7108,3.5231,5.0062,0.0915,1.2784134149551392,6737.0,6.64
run3_pilot,9050,0,4.037969324525455e-06,5.573,3.5524,4.8626,0.0971,1.118896722793579,6774.8,6.9
run3_pilot,9100,0,4.01687783583137e-06,5.7103,3.516,5.0071,0.085,3.893745183944702,6815.2,7.1
run3_pilot,9150,0,4.00421984606873e-06,5.7569,3.4981,5.0573,0.096,1.5386337041854858,6850.0,7.12
run3_pilot,9200,0,4.000000000000001e-06,5.6931,3.4659,4.9999,0.0896,1.1328151226043701,6885.7,7.25
run3_pilot_p1,1,0,1.0000000000000001e-07,9.2632,10.7534,7.1126,0.0293,5.469907760620117,4.1,5.79
run3_pilot_p1,50,0,2.55e-06,9.0651,10.384,6.9883,0.0352,4.2297210693359375,41.1,7.2
run3_pilot_p1,100,0,5.050000000000001e-06,8.9314,9.7973,6.9719,0.0299,2.581592559814453,77.8,7.07
run3_pilot_p1,150,0,7.55e-06,8.0919,8.3853,6.4148,0.0414,2.315232276916504,117.9,7.22
run3_pilot_p1,200,0,1.005e-05,7.56,6.9935,6.1613,0.0479,1.855384349822998,155.0,7.19
run3_pilot_p1,250,0,1.255e-05,7.0244,5.8871,5.847,0.0549,1.3804848194122314,192.4,6.81
run3_pilot_p1,300,0,1.505e-05,6.8706,5.6154,5.7475,0.0618,1.2326462268829346,228.2,7.12
run3_pilot_p1,350,0,1.755e-05,6.8514,5.3295,5.7855,0.0608,1.3373126983642578,266.2,7.26
run3_pilot_p1,400,0,2.0050000000000003e-05,6.8348,5.2005,5.7947,0.0571,1.8050405979156494,303.3,7.12
run3_pilot_p1,450,0,2.2550000000000003e-05,6.6088,4.8642,5.6359,0.0713,1.690008521080017,342.3,7.06
run3_pilot_p1,500,0,2.5050000000000002e-05,6.3381,4.3582,5.4665,0.083,1.938226342201233,376.2,7.22
run3_pilot_p1,550,0,2.7550000000000002e-05,6.3471,4.6179,5.4235,0.0748,1.4313077926635742,412.5,7.02
run3_pilot_p1,600,0,3.0050000000000002e-05,6.2009,4.1755,5.3658,0.0772,1.769193172454834,446.5,6.75
run3_pilot_p1,650,0,3.2550000000000005e-05,6.3062,4.6134,5.3836,0.0755,1.3112298250198364,484.4,7.14
run3_pilot_p1,700,0,3.505e-05,6.4298,4.4984,5.5301,0.0627,1.284687876701355,521.8,6.8
run3_pilot_p1,750,0,3.7550000000000005e-05,6.3075,4.4945,5.4086,0.0704,1.2961982488632202,559.5,7.17
run3_pilot_p1,800,0,4.0050000000000004e-05,6.1445,4.1449,5.3155,0.0906,1.7450562715530396,598.8,7.1
run3_pilot_p1,850,0,4.2550000000000004e-05,6.0941,4.3397,5.2262,0.093,1.6776103973388672,639.2,6.97
run3_pilot_p1,900,0,4.5050000000000004e-05,6.1045,4.2766,5.2492,0.0689,1.6272163391113281,674.8,7.21
run3_pilot_p1,950,0,4.755e-05,6.1043,4.1385,5.2766,0.0766,1.6688446998596191,714.2,6.89
run3_pilot_p1,1000,0,5e-05,6.1333,4.3141,5.2705,0.0805,1.5649349689483643,749.8,7.25
run3_pilot_p1,1050,0,4.999578015393127e-05,6.1161,4.1509,5.2859,0.0772,1.5465830564498901,786.3,7.24
run3_pilot_p1,1100,0,4.9983122164168625e-05,6.1047,4.2376,5.2572,0.0712,1.3754208087921143,823.3,7.09
run3_pilot_p1,1150,0,4.9962030675474544e-05,6.1546,4.2777,5.299,0.0656,1.4298818111419678,856.4,6.72
run3_pilot_p1,1200,0,4.993251342722603e-05,5.9801,3.9606,5.188,0.0717,1.8338288068771362,892.0,7.15
run3_pilot_p1,1250,0,4.989458125057474e-05,5.9485,3.919,5.1647,0.0876,1.8389421701431274,925.9,6.89
run3_pilot_p1,1300,0,4.984824806447252e-05,5.9043,3.9525,5.1138,0.0829,1.7892019748687744,961.2,7.17
run3_pilot_p1,1350,0,4.9793530870564036e-05,6.0323,4.0916,5.214,0.077,1.4169892072677612,1000.4,7.28
run3_pilot_p1,1400,0,4.9730449746948024e-05,6.0106,3.9936,5.2118,0.0795,1.388994574546814,1037.9,7.24
run3_pilot_p1,1450,0,4.965902784080981e-05,6.0551,3.8233,5.2905,0.0813,1.62576425075531,1073.9,7.25
run3_pilot_p1,1500,0,4.9579291359927674e-05,5.9024,3.9701,5.1083,0.0876,1.7477030754089355,1115.1,7.31
run3_pilot_p1,1550,0,4.949126956305596e-05,5.9116,3.8091,5.1497,0.0909,1.8011068105697632,1154.0,7.09
run3_pilot_p1,1600,0,4.939499474918892e-05,5.9629,4.1153,5.1398,0.0775,1.1592583656311035,1192.7,7.24
run3_pilot_p1,1650,0,4.929050224570869e-05,5.8835,4.0368,5.0761,0.0887,1.5700011253356934,1231.0,7.07
run3_pilot_p1,1700,0,4.9177830395422245e-05,5.9378,3.7985,5.1781,0.0831,1.7415086030960083,1268.8,7.15
run3_pilot_p1,1750,0,4.90570205424917e-05,5.9604,3.8381,5.1928,0.0845,1.6631349325180054,1304.1,7.26
run3_pilot_p1,1800,0,4.89281170172634e-05,5.8568,3.771,5.1026,0.0907,1.7765904664993286,1339.8,6.79
run3_pilot_p1,1850,0,4.87911671200012e-05,5.8203,3.6981,5.0807,0.0795,1.6994160413742065,1375.6,6.92
run3_pilot_p1,1900,0,4.8646221103529916e-05,5.8904,3.9731,5.0958,0.0826,1.2469327449798584,1412.4,7.26
run3_pilot_p1,1950,0,4.8493332154795454e-05,5.9504,4.0173,5.147,0.0791,1.268099308013916,1451.1,7.27
run3_pilot_p1,2000,0,4.833255637534818e-05,5.8212,3.7275,5.0757,0.0834,1.5822114944458008,1487.6,7.08
run3_pilot_p1,2050,0,4.816395276075686e-05,5.8324,3.9304,5.0463,0.09,1.372452735900879,1533.3,7.04
run3_pilot_p1,2100,0,4.798758317896065e-05,5.8648,3.701,5.1246,0.0854,1.462178111076355,1569.5,7.29
run3_pilot_p1,2150,0,4.7803512347567065e-05,5.8668,3.8598,5.0948,0.0816,1.3211013078689575,1609.9,7.12
run3_pilot_p1,2200,0,4.761180781010428e-05,5.8682,3.6508,5.138,0.0883,1.502714991569519,1646.5,6.65
run3_pilot_p1,2250,0,4.7412539911236554e-05,5.8401,3.7684,5.0864,0.0856,1.4421474933624268,1684.3,7.12
run3_pilot_p1,2300,0,4.720578177095168e-05,5.8996,3.6415,5.1713,0.0866,1.5880272388458252,1722.2,7.07
run3_pilot_p1,2350,0,4.699160925773012e-05,5.9603,3.8477,5.1907,0.0847,1.4059761762619019,1760.1,7.1
run3_pilot_p1,2400,0,4.677010096070563e-05,5.7765,3.5536,5.0657,0.0863,1.4015302658081055,1794.9,6.98
run3_pilot_p1,2450,0,4.6541338160827445e-05,5.9177,3.9743,5.1229,0.0872,1.19318425655365,1832.9,7.03
run3_pilot_p1,2500,0,4.630540480103485e-05,5.771,3.7468,5.0216,0.0904,1.5268405675888062,1873.0,7.19
run3_pilot_p1,2550,0,4.606238745545487e-05,5.8125,3.9665,5.0193,0.0937,1.390095591545105,1911.5,7.16
run3_pilot_p1,2600,0,4.581237529763451e-05,5.6353,3.5193,4.9314,0.0989,1.5315649509429932,1947.7,7.09
run3_pilot_p1,2650,0,4.555546006781908e-05,5.663,3.6927,4.9245,0.0902,1.6159329414367676,1985.5,7.22
run3_pilot_p1,2700,0,4.5291736039288814e-05,5.753,3.8687,4.9793,0.0959,1.408886432647705,2022.9,7.04
run3_pilot_p1,2750,0,4.502129998376588e-05,5.6952,3.6808,4.959,0.0932,1.5158017873764038,2060.0,6.82
run3_pilot_p1,2800,0,4.474425113590469e-05,5.4796,3.3817,4.8033,0.1129,1.7497355937957764,2099.5,6.97
run3_pilot_p1,2850,0,4.446069115687842e-05,5.7301,3.7257,4.9849,0.0917,1.4252793788909912,2131.2,6.54
run3_pilot_p1,2900,0,4.417072409707514e-05,5.7871,3.7199,5.0431,0.0826,1.538704514503479,2168.9,7.11
run3_pilot_p1,2950,0,4.387445635791723e-05,5.6307,3.4851,4.9337,0.0912,1.3587745428085327,2207.0,6.94
run3_pilot_p1,3000,0,4.35719966528181e-05,5.7063,3.5653,4.9933,0.1026,1.6348375082015991,2241.9,7.24
run3_pilot_p1,3050,0,4.326345596729059e-05,5.6223,3.6095,4.9004,0.11,1.4802263975143433,2278.4,7.25
run3_pilot_p1,3100,0,4.294894751822156e-05,5.75,3.5925,5.0315,0.0893,1.4151332378387451,2313.8,6.6
run3_pilot_p1,3150,0,4.2628586712327734e-05,5.7067,3.5657,4.9936,0.0905,1.4447882175445557,2351.9,6.76
run3_pilot_p1,3200,0,4.2302491103808e-05,5.7618,3.6418,5.0334,0.0903,1.4597409963607788,2388.3,7.13
run3_pilot_p1,3250,0,4.1970780351207744e-05,5.8784,3.7711,5.1241,0.0815,1.562013030052185,2425.0,7.07
run3_pilot_p1,3300,0,4.163357617351087e-05,5.5798,3.5583,4.8681,0.0943,1.412834644317627,2462.3,7.1
run3_pilot_p1,3350,0,4.1291002305475995e-05,5.5466,3.5231,4.842,0.1011,1.522148609161377,2499.7,7.08
run3_pilot_p1,3400,0,4.0943184452232674e-05,5.7609,3.7622,5.0084,0.0944,1.278822422027588,2538.5,6.83
run3_pilot_p1,3450,0,4.0590250243154895e-05,5.6016,3.5311,4.8954,0.1023,1.4226471185684204,2577.0,6.89
run3_pilot_p1,3500,0,4.023232918502828e-05,5.7101,3.662,4.9777,0.0857,1.2517036199569702,2616.1,7.12
run3_pilot_p1,3550,0,3.986955261452848e-05,5.6978,3.7374,4.9503,0.0836,0.9592260718345642,2656.3,7.09
run3_pilot_p1,3600,0,3.950205365002809e-05,5.6526,3.7665,4.8993,0.099,1.1221987009048462,2694.1,6.69
run3_pilot_p1,3650,0,3.9129967142749774e-05,5.6238,3.242,4.9754,0.0908,1.6031577587127686,2731.4,7.17
run3_pilot_p1,3700,0,3.875342962728354e-05,5.7172,3.7908,4.959,0.0873,1.3580644130706787,2767.7,7.12
run3_pilot_p1,3750,0,3.837257927148627e-05,5.6367,3.8088,4.8749,0.0899,1.1070857048034668,2803.7,7.13
run3_pilot_p1,3800,0,3.798755582578205e-05,5.5545,3.3763,4.8792,0.103,1.6279622316360474,2838.1,6.59
run3_pilot_p1,3850,0,3.759850057188161e-05,5.7682,3.8046,5.0072,0.0924,1.3633654117584229,2873.5,6.89
run3_pilot_p1,3900,0,3.720555627094008e-05,5.5227,3.5024,4.8222,0.1012,1.2370567321777344,2911.3,6.94
run3_pilot_p1,3950,0,3.680886711117166e-05,5.6685,3.5759,4.9533,0.0927,1.3140723705291748,2951.1,7.27
run3_pilot_p1,4000,0,3.6408578654940825e-05,5.5327,3.3843,4.8558,0.1037,1.7121597528457642,2987.6,7.1
run3_pilot_p1,4050,0,3.6004837785349175e-05,5.81,3.601,5.0898,0.0843,1.1667814254760742,3028.8,6.87
run3_pilot_p1,4100,0,3.559779265233768e-05,5.6165,3.2983,4.9568,0.0896,1.476728916168213,3063.6,6.67
run3_pilot_p1,4150,0,3.518759261832414e-05,5.6245,3.6891,4.8866,0.0883,1.2453535795211792,3100.5,7.2
run3_pilot_p1,4200,0,3.4774388203395566e-05,5.5836,3.4383,4.896,0.1009,1.5667377710342407,3139.5,7.31
run3_pilot_p1,4250,0,3.4358331030075955e-05,5.794,3.6076,5.0725,0.0949,1.48009192943573,3174.2,6.75
run3_pilot_p1,4300,0,3.393957376768943e-05,5.7443,3.6371,5.0169,0.0831,1.1409063339233398,3211.8,6.55
run3_pilot_p1,4350,0,3.3518270076339216e-05,5.5345,3.4972,4.8351,0.0928,1.4785280227661133,3245.4,7.17
run3_pilot_p1,4400,0,3.3094574550523225e-05,5.5863,3.705,4.8453,0.0908,1.155180811882019,3282.1,7.22
run3_pilot_p1,4450,0,3.266864266240657e-05,5.6518,3.4046,4.9709,0.0931,1.3062453269958496,3319.6,7.08
run3_pilot_p1,4500,0,3.224063070477217e-05,5.6459,3.4575,4.9544,0.0916,1.3628263473510742,3356.3,7.22
run3_pilot_p1,4550,0,3.181069573367019e-05,5.6353,3.6354,4.9082,0.1003,1.0924204587936401,3396.2,6.93
run3_pilot_p1,4600,0,3.1378995510787374e-05,5.4908,3.3812,4.8145,0.0954,1.9415478706359863,3435.1,7.23
run3_pilot_p1,4650,0,3.09456884455575e-05,5.7402,3.6425,5.0117,0.0903,1.1168667078018188,3473.4,7.3
run3_pilot_p1,4700,0,3.0510933537034115e-05,5.6653,3.3766,4.99,0.0998,1.630481481552124,3511.1,7.08
run3_pilot_p1,4750,0,3.0074890315546917e-05,5.4696,3.4668,4.7763,0.0961,1.3741333484649658,3550.8,7.09
run3_pilot_p1,4800,0,2.9637718784163216e-05,5.4625,3.4316,4.7762,0.1111,1.6543136835098267,3587.1,7.24
run3_pilot_p1,4850,0,2.9199579359975877e-05,5.6455,3.7075,4.904,0.0909,1.1375751495361328,3627.7,7.14
run3_pilot_p1,4900,0,2.8760632815239408e-05,5.5344,3.4715,4.8401,0.0908,1.3676693439483643,3666.4,6.79
run3_pilot_p1,4950,0,2.8321040218375643e-05,5.6944,3.4432,5.0057,0.1041,1.6401623487472534,3704.9,6.88
run3_pilot_p1,5000,0,2.788096287487082e-05,5.7688,3.474,5.074,0.0847,1.231472373008728,3739.2,6.77
run3_pilot_p1,5050,0,2.744056226808563e-05,5.4856,3.6612,4.7533,0.1046,1.2688802480697632,3775.3,7.09
run3_pilot_p1,5100,0,2.7000000000000002e-05,5.671,3.5272,4.9656,0.0921,1.3836562633514404,3815.2,7.06
run3_pilot_p1,5150,0,2.6559437731914376e-05,5.698,3.5141,4.9952,0.0944,1.4660487174987793,3852.4,7.05
run3_pilot_p1,5200,0,2.6119037125129185e-05,5.7029,3.5007,5.0028,0.1044,1.289476990699768,3892.0,7.14
run3_pilot_p1,5250,0,2.567895978162437e-05,5.6071,3.5251,4.9021,0.0991,1.3299273252487183,3929.7,7.01
run3_pilot_p1,5300,0,2.5239367184760597e-05,5.6872,3.335,5.0202,0.098,1.8118714094161987,3967.2,7.19
run3_pilot_p1,5350,0,2.480042064002413e-05,5.4838,3.4026,4.8033,0.1029,1.6270798444747925,4004.4,7.07
run3_pilot_p1,5400,0,2.4362281215836792e-05,5.4631,3.3784,4.7874,0.1133,1.6045275926589966,4040.8,6.84
run3_pilot_p1,5450,0,2.3925109684453088e-05,5.5424,3.5987,4.8226,0.1046,1.1921967267990112,4077.8,7.18
run3_pilot_p1,5500,0,2.3489066462965887e-05,5.6523,3.5246,4.9474,0.0994,1.274477481842041,4114.5,7.21
run3_pilot_p1,5550,0,2.3054311554442503e-05,5.5393,3.5256,4.8342,0.1043,1.3351318836212158,4150.9,7.12
run3_pilot_p1,5600,0,2.2621004489212627e-05,5.5949,3.3813,4.9187,0.1076,1.4470149278640747,4187.4,7.26
run3_pilot_p1,5650,0,2.2189304266329824e-05,5.8108,3.6529,5.0802,0.081,1.249975323677063,4224.5,7.05
run3_pilot_p1,5700,0,2.1759369295227844e-05,5.5487,3.4922,4.8503,0.0948,1.3961617946624756,4263.2,7.2
run3_pilot_p1,5750,0,2.1331357337593448e-05,5.6382,3.6006,4.9181,0.0944,1.3009226322174072,4302.6,7.15
run3_pilot_p1,5800,0,2.0905425449476786e-05,5.5587,3.5158,4.8556,0.0972,1.2488304376602173,4336.2,6.85
run3_pilot_p1,5850,0,2.048172992366079e-05,5.4382,3.5444,4.7293,0.0969,1.4098442792892456,4377.1,7.31
run3_pilot_p1,5900,0,2.006042623231058e-05,5.6806,3.5459,4.9714,0.0815,1.3762892484664917,4415.5,7.27
run3_pilot_p1,5950,0,1.964166896992405e-05,5.5706,3.5618,4.8583,0.1034,1.3536213636398315,4453.3,6.82
run3_pilot_p1,6000,0,1.9225611796604442e-05,5.4795,3.3045,4.8186,0.1071,1.5018812417984009,4491.9,7.2
run3_pilot_p1,6050,0,1.881240738167587e-05,5.3755,3.299,4.7157,0.103,1.5077213048934937,4535.9,7.27
run3_pilot_p1,6100,0,1.840220734766232e-05,5.552,3.5287,4.8462,0.1058,1.5059309005737305,4573.3,7.07
run3_pilot_p1,6150,0,1.7995162214650837e-05,5.5294,3.4048,4.8484,0.1132,1.3489689826965332,4609.3,6.64
run3_pilot_p1,6200,0,1.7591421345059183e-05,5.6007,3.3961,4.9215,0.0959,1.3182395696640015,4649.3,7.16
run3_pilot_p1,6250,0,1.7191132888828348e-05,5.5892,3.524,4.8844,0.0951,1.2031766176223755,4684.3,6.82
run3_pilot_p1,6300,0,1.6794443729059927e-05,5.6507,3.468,4.9571,0.1084,2.0230729579925537,4722.0,7.13
run3_pilot_p1,6350,0,1.640149942811839e-05,5.5011,3.3631,4.8284,0.0962,1.3118665218353271,4758.1,7.26
run3_pilot_p1,6400,0,1.601244417421795e-05,5.5131,3.3788,4.8374,0.1126,1.325730323791504,4794.9,6.83
run3_pilot_p1,6450,0,1.5627420728513722e-05,5.4953,3.4675,4.8018,0.0966,1.4502983093261719,4831.7,6.99
run3_pilot_p1,6500,0,1.5246570372716459e-05,5.5934,3.4379,4.9058,0.1,1.432343602180481,4867.8,7.14
run3_pilot_p1,6550,0,1.4870032857250229e-05,5.4279,3.2537,4.7771,0.0941,1.5021655559539795,4903.6,7.07
run3_pilot_p1,6600,0,1.4497946349971916e-05,5.6154,3.6641,4.8826,0.0938,1.3550026416778564,4939.9,7.2
run3_pilot_p1,6650,0,1.413044738547153e-05,5.3855,3.1919,4.7471,0.1199,1.5878514051437378,4978.1,6.96
run3_pilot_p1,6700,0,1.3767670814971729e-05,5.5889,3.6373,4.8615,0.0976,1.1197258234024048,5017.4,7.12
run3_pilot_p1,6750,0,1.3409749756845116e-05,5.4515,3.4477,4.762,0.1017,1.3395898342132568,5056.2,7.09
run3_pilot_p1,6800,0,1.3056815547767335e-05,5.6129,3.5124,4.9104,0.104,1.4461398124694824,5092.1,7.18
run3_pilot_p1,6850,0,1.2708997694524013e-05,5.4586,3.408,4.7771,0.1051,1.4906221628189087,5127.8,7.14
run3_pilot_p1,6900,0,1.2366423826489132e-05,5.6251,3.6259,4.8999,0.0895,1.1982524394989014,5163.4,6.76
run3_pilot_p1,6950,0,1.2029219648792267e-05,5.472,3.3129,4.8094,0.0928,1.5070180892944336,5200.5,7.07
run3_pilot_p1,7000,0,1.1697508896192e-05,5.5838,3.3973,4.9043,0.1054,1.3009213209152222,5236.2,7.2
run3_pilot_p1,7050,0,1.1371413287672272e-05,5.6601,3.554,4.9493,0.0953,1.5130407810211182,5273.8,7.09
run3_pilot_p1,7100,0,1.1051052481778443e-05,5.3541,3.4379,4.6665,0.1233,1.7520743608474731,5314.6,6.99
run3_pilot_p1,7150,0,1.0736544032709409e-05,5.7241,3.5078,5.0225,0.0878,1.1882768869400024,5350.7,7.27
run3_pilot_p1,7200,0,1.04280033471819e-05,5.5939,3.4967,4.8945,0.0913,1.1721489429473877,5389.5,7.02
run3_pilot_p1,7250,0,1.0125543642082774e-05,5.5385,3.4096,4.8566,0.0921,1.4498614072799683,5424.2,7.02
run3_pilot_p1,7300,0,9.82927590292486e-06,5.586,3.4133,4.9033,0.0991,1.3391863107681274,5465.4,7.29
run3_pilot_p1,7350,0,9.539308843121578e-06,5.3808,3.1234,4.7562,0.1054,1.6900990009307861,5504.4,7.17
run3_pilot_p1,7400,0,9.255748864095313e-06,5.5941,3.5054,4.893,0.0936,1.3545008897781372,5538.9,6.6
run3_pilot_p1,7450,0,8.978700016234124e-06,5.6588,3.5333,4.9522,0.0912,1.050794243812561,5577.5,7.38
run3_pilot_p1,7500,0,8.70826396071119e-06,5.6042,3.4723,4.9098,0.0898,1.2740919589996338,5619.8,7.28
run3_pilot_p1,7550,0,8.44453993218092e-06,5.5002,3.2443,4.8514,0.0942,1.491229772567749,5658.5,6.72
run3_pilot_p1,7600,0,8.187624702365495e-06,5.5777,3.4352,4.8907,0.0951,1.3744844198226929,5694.2,6.82
run3_pilot_p1,7650,0,7.937612544545128e-06,5.5442,3.3659,4.871,0.1021,1.456987738609314,5729.3,7.21
run3_pilot_p1,7700,0,7.694595198965151e-06,5.5579,3.646,4.8287,0.0964,1.1742665767669678,5763.0,7.2
run3_pilot_p1,7750,0,7.45866183917256e-06,5.6682,3.5549,4.9572,0.0929,1.253690481185913,5800.3,7.17
run3_pilot_p1,7800,0,7.2298990392943774e-06,5.6534,3.4576,4.9619,0.0925,1.3955885171890259,5838.2,6.65
run3_pilot_p1,7850,0,7.0083907422698835e-06,5.5743,3.5747,4.8594,0.0966,1.2219653129577637,5873.4,7.13
run3_pilot_p1,7900,0,6.79421822904833e-06,5.4122,3.2428,4.7637,0.1007,1.5007041692733765,5911.0,6.76
run3_pilot_p1,7950,0,6.587460088763451e-06,5.5028,3.34,4.8348,0.111,1.696858525276184,5946.2,6.7
run3_pilot_p1,8000,0,6.388192189895724e-06,5.5799,3.4566,4.8886,0.1042,1.3868366479873657,5984.2,7.14
run3_pilot_p1,8050,0,6.1964876524329435e-06,5.6549,3.5679,4.9414,0.0946,1.1565788984298706,6028.2,6.89
run3_pilot_p1,8100,0,6.012416821039351e-06,5.3819,3.4949,4.6829,0.111,1.310031533241272,6061.8,6.57
run3_pilot_p1,8150,0,5.83604723924314e-06,5.4661,3.3882,4.7885,0.1069,1.458243489265442,6100.9,7.24
run3_pilot_p1,8200,0,5.667443624651825e-06,5.5853,3.378,4.9097,0.1183,1.4392812252044678,6136.5,6.83
run3_pilot_p1,8250,0,5.506667845204548e-06,5.4455,3.3623,4.773,0.0971,1.3587979078292847,6172.7,7.09
run3_pilot_p1,8300,0,5.3537788964700855e-06,5.58,3.3212,4.9157,0.0933,1.3803157806396484,6209.9,6.7
run3_pilot_p1,8350,0,5.208832879998803e-06,5.4694,3.5181,4.7658,0.1112,1.3013591766357422,6249.1,6.95
run3_pilot_p1,8400,0,5.071882982736598e-06,5.5842,3.5169,4.8808,0.0897,1.2307982444763184,6287.9,6.63
run3_pilot_p1,8450,0,4.942979457508301e-06,5.5912,3.4133,4.9085,0.0908,1.130966067314148,6324.4,6.63
run3_pilot_p1,8500,0,4.822169604577757e-06,5.5548,3.4322,4.8684,0.0989,1.3388460874557495,6360.6,7.25
run3_pilot_p1,8550,0,4.709497754291307e-06,5.4014,3.2371,4.754,0.1005,1.4906107187271118,6399.9,7.17
run3_pilot_p1,8600,0,4.605005250811084e-06,5.5661,3.5767,4.8508,0.0933,1.267646312713623,6436.4,7.33
run3_pilot_p1,8650,0,4.5087304369440415e-06,5.5538,3.4983,4.8541,0.0963,1.3785967826843262,6470.3,7.4
run3_pilot_p1,8700,0,4.4207086400723365e-06,5.4137,3.2964,4.7545,0.1068,1.8237227201461792,6507.7,7.02
run3_pilot_p1,8750,0,4.340972159190193e-06,5.3975,3.3989,4.7178,0.1212,1.4363900423049927,6543.0,7.12
run3_pilot_p1,8800,0,4.269550253051987e-06,5.5335,3.2596,4.8815,0.1086,1.4333419799804688,6576.4,6.68
run3_pilot_p1,8850,0,4.206469129435963e-06,5.5342,3.3809,4.858,0.0998,1.4733643531799316,6612.9,7.23
run3_pilot_p1,8900,0,4.151751935527474e-06,5.5456,3.4324,4.8592,0.1038,1.5445258617401123,6650.1,7.32
run3_pilot_p1,8950,0,4.105418749425267e-06,5.5511,3.6121,4.8287,0.094,1.0785655975341797,6686.0,6.71
run3_pilot_p1,9000,0,4.06748657277397e-06,5.5671,3.5139,4.8643,0.1003,1.275027871131897,6727.1,6.64
run3_pilot_p1,9050,0,4.037969324525455e-06,5.4356,3.5503,4.7256,0.107,1.127877950668335,6764.8,6.9
run3_pilot_p1,9100,0,4.01687783583137e-06,5.5709,3.5338,4.8642,0.0907,1.539599061012268,6805.3,7.1
run3_pilot_p1,9150,0,4.00421984606873e-06,5.6153,3.479,4.9195,0.1003,1.5185402631759644,6840.5,7.12
run3_pilot_p1,9200,0,4.000000000000001e-06,5.6042,3.4587,4.9124,0.0949,1.1711218357086182,6876.0,7.25
